snapped_at,price,market_cap,total_volume
2020-10-14 00:00:00 UTC,1.1838733589946326,0.0,76095809.64229831
2020-10-15 00:00:00 UTC,1.1838733589946326,0.0,76095809.64229831
2020-10-16 00:00:00 UTC,1.1247825676172798,0.0,25157383.02691552
2020-10-17 00:00:00 UTC,0.8178603403509889,0.0,30248557.55041884
2020-10-18 00:00:00 UTC,0.80876707573829,0.0,16722844.027381418
2020-10-19 00:00:00 UTC,0.8671602594604444,0.0,9335022.17417277
2020-10-20 00:00:00 UTC,0.7908298093375647,0.0,8205676.952886833
2020-10-21 00:00:00 UTC,0.6766914927977854,0.0,12918716.809547676
2020-10-22 00:00:00 UTC,0.7009181972941939,0.0,12198251.794537595
2020-10-23 00:00:00 UTC,0.7464007118165821,0.0,10836905.828836193
2020-10-24 00:00:00 UTC,0.7290171462057274,0.0,7683688.276508613
2020-10-25 00:00:00 UTC,0.7381754572628557,0.0,6682940.351835173
2020-10-26 00:00:00 UTC,0.8435465451752299,0.0,21309666.221524023
2020-10-27 00:00:00 UTC,0.7786056754874854,0.0,14097950.58233542
2020-10-28 00:00:00 UTC,0.761117659457054,0.0,10230792.963756915
2020-10-29 00:00:00 UTC,0.7007526394090624,0.0,10642568.785507457
2020-10-30 00:00:00 UTC,0.6900742525202638,0.0,8819125.994262757
2020-10-31 00:00:00 UTC,0.630716415125067,0.0,11040183.67624694
2020-11-01 00:00:00 UTC,0.628082841536203,0.0,6368696.963273847
2020-11-02 00:00:00 UTC,0.6341145616863946,0.0,11301499.28784441
2020-11-03 00:00:00 UTC,0.6062331084202002,0.0,17967546.222506564
2020-11-04 00:00:00 UTC,0.5620491680698492,0.0,6379271.705133689
2020-11-05 00:00:00 UTC,0.5330319166459828,0.0,6996812.978420456
2020-11-06 00:00:00 UTC,0.6928507248475891,0.0,19169035.4927029
2020-11-07 00:00:00 UTC,0.7175534667901879,0.0,15819152.717296226
2020-11-08 00:00:00 UTC,0.695745677742161,0.0,19747665.750918087
2020-11-09 00:00:00 UTC,0.8151473588606633,0.0,12033607.479106065
2020-11-10 00:00:00 UTC,0.9024674990365917,0.0,16705075.968852239
2020-11-11 00:00:00 UTC,0.9413519288313482,0.0,22576278.967333477
2020-11-12 00:00:00 UTC,0.8615006142048965,0.0,19195239.174221754
2020-11-13 00:00:00 UTC,0.7883341719133421,0.0,14963439.07272913
2020-11-14 00:00:00 UTC,0.8984439157000946,0.0,22913895.186391026
2020-11-15 00:00:00 UTC,0.8707515158173079,0.0,19257396.934388038
2020-11-16 00:00:00 UTC,0.8332277720543532,0.0,26602325.135237265
2020-11-17 00:00:00 UTC,0.8664303565565092,0.0,29878020.60227782
2020-11-18 00:00:00 UTC,0.9303483284292153,0.0,40478046.02502659
2020-11-19 00:00:00 UTC,0.8310328830887517,0.0,34834185.403023005
2020-11-20 00:00:00 UTC,0.8437453048255209,0.0,11446747.681280816
2020-11-21 00:00:00 UTC,0.9381409113799426,0.0,28095061.237451293
2020-11-22 00:00:00 UTC,1.1931105678175205,0.0,85227286.17935333
2020-11-23 00:00:00 UTC,1.0791613513352254,214628932.756327,53281344.1997513
2020-11-24 00:00:00 UTC,1.1720263745587842,231374725.41431978,41912097.64003675
2020-11-25 00:00:00 UTC,1.236257728874692,247715664.95558006,50983358.3519749
2020-11-26 00:00:00 UTC,1.1075205643603636,223152648.58961877,42363338.56079382
2020-11-27 00:00:00 UTC,1.0076121352945775,203224837.6408594,43224751.0777297
2020-11-28 00:00:00 UTC,0.99709439650178,202667876.65804324,33171996.107662376
2020-11-29 00:00:00 UTC,1.0210661564167025,208875741.56559694,21757031.337974526
2020-11-30 00:00:00 UTC,1.0129840784580715,207949242.89533466,19853294.006829653
2020-12-01 00:00:00 UTC,1.0738702550748922,222343600.618726,24850099.253747765
2020-12-02 00:00:00 UTC,1.07032394317336,222197426.23321077,71847657.43351948
2020-12-03 00:00:00 UTC,1.1827769487065563,246955791.15000382,46979585.65472255
2020-12-04 00:00:00 UTC,1.1532949652249318,241860488.70564315,15229950.096047375
2020-12-05 00:00:00 UTC,1.1059921871819645,232465168.94486883,29730619.197853968
2020-12-06 00:00:00 UTC,1.1120270389864544,235780016.84543568,38749345.99966506
2020-12-07 00:00:00 UTC,1.033180423681172,219785381.3232041,19141895.156142417
2020-12-08 00:00:00 UTC,1.011543349433404,216790353.1300778,14561327.669916851
2020-12-09 00:00:00 UTC,0.9325312880461403,201650097.8780381,20417887.754960563
2020-12-10 00:00:00 UTC,0.999219587602759,216083369.64059186,30512762.74382265
2020-12-11 00:00:00 UTC,0.9558610950333708,209474247.7892912,16640639.339750597
2020-12-12 00:00:00 UTC,0.8706813691827192,190541579.4984398,16880677.058336064
2020-12-13 00:00:00 UTC,0.9177302021592217,201798495.74225697,10351975.723894509
2020-12-14 00:00:00 UTC,0.9508063210477575,209202955.71850124,10032903.6494913
2020-12-15 00:00:00 UTC,0.9933527127864532,220048313.72649768,10987872.895892058
2020-12-16 00:00:00 UTC,1.0076363407336284,224050572.64889234,11100644.08198459
2020-12-17 00:00:00 UTC,1.0421791299216365,232652093.58614394,16281621.683646781
2020-12-18 00:00:00 UTC,0.9942277249260705,223344117.76193455,19343181.913756926
2020-12-19 00:00:00 UTC,1.0044161249740604,226239997.24659166,10633117.305575268
2020-12-20 00:00:00 UTC,1.0468715191834927,237290253.2667502,18058317.41999598
2020-12-21 00:00:00 UTC,1.0584245562796823,240764985.58141574,15614811.783638831
2020-12-22 00:00:00 UTC,1.2237814533948355,280595737.1956196,185242080.43289456
2020-12-23 00:00:00 UTC,1.1575469754985133,265861549.74918073,64784393.27219868
2020-12-24 00:00:00 UTC,0.9642786036519683,223751230.3084115,31187235.23602458
2020-12-25 00:00:00 UTC,1.061156024535133,246149196.96101096,19022808.425217222
2020-12-26 00:00:00 UTC,1.0191955833783306,237584393.64505413,16983932.325706333
2020-12-27 00:00:00 UTC,1.0241714019605817,239492876.1317622,15517466.246889295
2020-12-28 00:00:00 UTC,1.2021275782170335,288534734.41517544,43408448.787855186
2020-12-29 00:00:00 UTC,1.2268747719697568,289191871.6072324,38978154.906242594
2020-12-30 00:00:00 UTC,1.1694569898611062,278099035.9202955,27460808.000747483
2020-12-31 00:00:00 UTC,1.2105817462426818,288005719.4995615,29871366.925089493
2021-01-01 00:00:00 UTC,1.394950404995763,334409413.8032567,40897350.1989161
2021-01-02 00:00:00 UTC,1.3540472415447495,325326896.1283701,54888185.79342295
2021-01-03 00:00:00 UTC,1.4104870957150175,340617424.5678564,39144076.31376955
2021-01-04 00:00:00 UTC,1.4742575411259051,358682750.9770675,55748633.851986416
2021-01-05 00:00:00 UTC,1.3543608145746604,329010206.5301945,52181033.016069435
2021-01-06 00:00:00 UTC,1.5036654917749683,367328449.4261304,56520795.66680101
2021-01-07 00:00:00 UTC,1.5447075375867199,379064062.75014615,42837677.192228235
2021-01-08 00:00:00 UTC,1.500323513959518,370238624.18960017,39715582.946275465
2021-01-09 00:00:00 UTC,1.7121803404471623,418436402.40512526,94846191.84212743
2021-01-10 00:00:00 UTC,1.7688156465550509,441802395.52108073,109790082.18896937
2021-01-11 00:00:00 UTC,1.729354896974721,431132385.0656172,69717696.29001422
2021-01-12 00:00:00 UTC,1.4831589008894277,370070763.5328673,58627161.98886642
2021-01-13 00:00:00 UTC,1.4385110067287046,360883375.7625646,42208793.71737647
2021-01-14 00:00:00 UTC,1.608364237972651,406271834.15315574,33062637.786795363
2021-01-15 00:00:00 UTC,1.7229788374163193,437208040.7183766,40373814.05373685
2021-01-16 00:00:00 UTC,1.8343716631838378,465856625.69787765,74017636.64020596
2021-01-17 00:00:00 UTC,2.122260114926953,544674519.0856768,75292863.54960528
2021-01-18 00:00:00 UTC,2.5071404210898938,646459076.189548,173355590.03932145
2021-01-19 00:00:00 UTC,2.4040670014333507,618817004.3511071,82986907.34129757
2021-01-20 00:00:00 UTC,2.1784881049997225,567192486.5989544,51920300.96978856
2021-01-21 00:00:00 UTC,2.4877781680587487,645693967.4488719,122578438.68951604
2021-01-22 00:00:00 UTC,2.1728823564343354,571961479.7461324,82169047.8366051
2021-01-23 00:00:00 UTC,2.365129683797905,622143861.4292612,73319240.87759678
2021-01-24 00:00:00 UTC,2.368087326598329,619529046.4778594,51243228.500937246
2021-01-25 00:00:00 UTC,2.5602199424934438,674316291.4765018,75862075.02917622
2021-01-26 00:00:00 UTC,2.457767082760119,650781993.0654455,42474802.780048855
2021-01-27 00:00:00 UTC,2.381701044478212,635070787.8964105,62499952.50042827
2021-01-28 00:00:00 UTC,2.0440382370167147,543663902.1376038,61731309.58657845
2021-01-29 00:00:00 UTC,2.2612541989056725,607973486.2390429,62352842.38879972
2021-01-30 00:00:00 UTC,2.1978562415653013,590452358.6178486,57547388.74592507
2021-01-31 00:00:00 UTC,2.1679003497851213,584758000.1174599,53004552.97711796
2021-02-01 00:00:00 UTC,2.143256939415451,580232928.5793322,63057335.98207926
2021-02-02 00:00:00 UTC,2.2522046829744213,610335684.2837838,123259516.27388315
2021-02-03 00:00:00 UTC,2.4680846921397195,680934277.6135008,90949431.52430345
2021-02-04 00:00:00 UTC,2.5661874357978625,702332961.4952358,70361878.18578379
2021-02-05 00:00:00 UTC,2.50574360496662,689331530.0130956,72345283.34418142
2021-02-06 00:00:00 UTC,2.868403098975853,783291938.9001728,86147337.57305798
2021-02-07 00:00:00 UTC,2.6898562528900065,747333301.3128874,74128503.18233928
2021-02-08 00:00:00 UTC,3.361749513331022,944126091.812401,160707665.6286849
2021-02-09 00:00:00 UTC,3.505268144671747,962478560.836268,135482828.30515736
2021-02-10 00:00:00 UTC,3.2856745768673288,922691370.017027,65836200.39543045
2021-02-11 00:00:00 UTC,3.256715213690851,907970793.3903558,151776088.47195384
2021-02-12 00:00:00 UTC,3.443675961544189,974276610.8247341,96780556.31137589
2021-02-13 00:00:00 UTC,4.649528663779213,1318626121.795,247545183.7849952
2021-02-14 00:00:00 UTC,4.814046191435075,1393477615.197385,241511701.9562091
2021-02-15 00:00:00 UTC,4.36680489083599,1248701640.2588053,105727989.53046948
2021-02-16 00:00:00 UTC,3.962066252392961,1137788810.5125268,146814295.1610198
2021-02-17 00:00:00 UTC,4.056820407795763,1161059810.581479,91228422.390689
2021-02-18 00:00:00 UTC,4.21916889750941,1219963512.16118,89338356.42421289
2021-02-19 00:00:00 UTC,4.441248137246736,1284637894.4056573,104571693.50755309
2021-02-20 00:00:00 UTC,4.382456385374929,1250715185.5737102,95131644.70558143
2021-02-21 00:00:00 UTC,4.047632408576875,1160675573.6481295,114351311.01748519
2021-02-22 00:00:00 UTC,4.043735830582172,1181940955.4755297,62356476.29447046
2021-02-23 00:00:00 UTC,3.7751455122589235,1109275506.0581393,136127395.3232861
2021-02-24 00:00:00 UTC,3.3591414612216237,981514301.6847842,165031199.55106398
2021-02-25 00:00:00 UTC,3.6464596370580984,1077019746.5015037,78780441.76564649
2021-02-26 00:00:00 UTC,3.858960903227426,1152525048.164616,160581772.6017027
2021-02-27 00:00:00 UTC,4.243926598896912,1267490193.7027388,258922550.86057374
2021-02-28 00:00:00 UTC,4.059763240808478,1214539713.612067,91017369.9790759
2021-03-01 00:00:00 UTC,3.810274182624267,1156809180.3433075,104501335.66480112
2021-03-02 00:00:00 UTC,4.204080497414025,1274371576.62476,77419957.99643826
2021-03-03 00:00:00 UTC,4.0504648956213165,1230766268.3141668,62432475.886679135
2021-03-04 00:00:00 UTC,4.205342548435056,1286205536.8656743,65054428.73103198
2021-03-05 00:00:00 UTC,4.473790616734452,1370004534.6915443,127152116.42061122
2021-03-06 00:00:00 UTC,4.184226369325787,1283298508.7650723,77114292.7375591
2021-03-07 00:00:00 UTC,4.051697416461093,1246806364.3452597,41719327.2993623
2021-03-08 00:00:00 UTC,4.285319815567645,1325622713.1704288,48626774.8733778
2021-03-09 00:00:00 UTC,4.619141211148932,1435039688.1164007,68510775.6606496
2021-03-10 00:00:00 UTC,5.445464206698214,1688262622.0399582,249989717.3643314
2021-03-11 00:00:00 UTC,5.3129505207747005,1672927983.0080812,261292396.47435588
2021-03-12 00:00:00 UTC,5.96623562974407,1867279884.6625972,243005431.72239432
2021-03-13 00:00:00 UTC,6.940110178441307,2177722314.6669245,369204733.0964165
2021-03-14 00:00:00 UTC,7.429772907017742,2338252851.832899,216296396.01814657
2021-03-15 00:00:00 UTC,6.654229177234798,2130688271.4708724,153728609.34540117
2021-03-16 00:00:00 UTC,5.905638320081457,1893107194.1802204,166720656.21953163
2021-03-17 00:00:00 UTC,6.424356149187278,2049775243.6627185,163423418.35594186
2021-03-18 00:00:00 UTC,6.282880029499854,2010951874.1663198,90774993.98939876
2021-03-19 00:00:00 UTC,6.076565934692832,1950505064.0152276,94911649.19619066
2021-03-20 00:00:00 UTC,6.218619181577859,1998007864.5016181,76893206.44922733
2021-03-21 00:00:00 UTC,6.286223745648004,2045549897.2277176,77625139.79792151
2021-03-22 00:00:00 UTC,6.047092092206174,1962209356.5652108,86286415.2759275
2021-03-23 00:00:00 UTC,5.464233770968433,1782133062.8237944,77811033.67643355
2021-03-24 00:00:00 UTC,5.324996945716032,1742033976.3706334,84996608.08037771
2021-03-25 00:00:00 UTC,4.849877941264508,1604663835.6114218,82081067.24618022
2021-03-26 00:00:00 UTC,4.801157171474143,1576235014.8949823,76822467.38080032
2021-03-27 00:00:00 UTC,5.452409212424645,1794314444.161745,77928896.05526908
2021-03-28 00:00:00 UTC,5.318327715706132,1766156956.5518687,63464559.63298094
2021-03-29 00:00:00 UTC,5.590577206488248,1851992445.1256092,87958394.63199128
2021-03-30 00:00:00 UTC,5.812841055001866,1929802206.7807956,76684415.64080043
2021-03-31 00:00:00 UTC,6.340311973145245,2118980280.5425572,166580248.7204258
2021-04-01 00:00:00 UTC,5.996352794545257,2011919619.082573,82551701.22514151
2021-04-02 00:00:00 UTC,5.987223022647115,2012040267.4354215,86841023.27063744
2021-04-03 00:00:00 UTC,5.9825211977642105,2019177564.0935256,63250839.90382695
2021-04-04 00:00:00 UTC,5.678175509840373,1929281025.660102,93388177.67107363
2021-04-05 00:00:00 UTC,6.040250346327944,2038635218.1936104,67991773.0296742
2021-04-06 00:00:00 UTC,6.130912594634672,2084066639.2779024,79343051.70605369
2021-04-07 00:00:00 UTC,6.834440175857093,2345335020.619933,249885064.40391657
2021-04-08 00:00:00 UTC,6.139463547333392,2123642843.9835045,165031206.16440618
2021-04-09 00:00:00 UTC,6.685716139946188,2293573985.3624115,133660598.46654703
2021-04-10 00:00:00 UTC,6.406901607489015,2210350830.887615,62231330.66056456
2021-04-11 00:00:00 UTC,6.521915159784228,2247168662.9357557,87906401.7936392
2021-04-12 00:00:00 UTC,6.755231684356416,2346215287.936425,152728263.78595644
2021-04-13 00:00:00 UTC,6.7585583852029485,2356682354.6547303,154590854.52350166
2021-04-14 00:00:00 UTC,6.530487270364929,2279066759.057621,113929294.70654568
2021-04-15 00:00:00 UTC,6.357347836026816,2225788007.5180073,117326077.08876704
2021-04-16 00:00:00 UTC,6.563706187656443,2299820696.797676,84767514.0653857
2021-04-17 00:00:00 UTC,5.9670206576335385,2107169115.7008862,113767066.18324694
2021-04-18 00:00:00 UTC,5.87920108445846,2087351496.7085745,83000599.5854899
2021-04-19 00:00:00 UTC,5.143065352734103,1823898944.6613848,204024317.3485905
2021-04-20 00:00:00 UTC,4.751879353623121,1679866195.7034876,90074252.08887902
2021-04-21 00:00:00 UTC,4.945357819186891,1766774890.3997931,100466878.46449031
2021-04-22 00:00:00 UTC,4.785113145350691,1701251323.3381922,83734674.47803299
2021-04-23 00:00:00 UTC,4.8587780127743985,1728752475.9470673,116927230.36364573
2021-04-24 00:00:00 UTC,4.60561872640261,1653517740.5877078,132101293.32226846
2021-04-25 00:00:00 UTC,4.236336910457595,1534375914.6154609,61536807.77945177
2021-04-26 00:00:00 UTC,4.630214856106756,1662386624.4581985,85144611.40390325
2021-04-27 00:00:00 UTC,5.0433525752990125,1811881467.4477754,88746425.4218202
2021-04-28 00:00:00 UTC,5.145758337195775,1849478703.4798698,122075480.32369407
2021-04-29 00:00:00 UTC,4.924754890746632,1781503989.344302,86194031.55439475
2021-04-30 00:00:00 UTC,5.50290506253708,2006015645.975678,158931289.15784544
2021-05-01 00:00:00 UTC,5.553206298758107,2019089969.339844,116384387.3561183
2021-05-02 00:00:00 UTC,5.4609593143236985,1990053304.0987313,93339222.95516916
2021-05-03 00:00:00 UTC,5.288887215900018,1929263439.164693,75421271.12683144
2021-05-04 00:00:00 UTC,5.4718724482418395,2002545092.8792572,78072016.85791582
2021-05-05 00:00:00 UTC,4.799036863880556,1787392947.3064213,93264748.95563246
2021-05-06 00:00:00 UTC,5.228049730993517,1925005139.5791912,75935054.33945227
2021-05-07 00:00:00 UTC,5.179263962005012,1911178081.3734233,115696369.533906
2021-05-08 00:00:00 UTC,5.340136543480252,1976857287.7152393,115776710.89135651
2021-05-09 00:00:00 UTC,5.236623036657769,1935503087.6380777,84433228.91983618
2021-05-10 00:00:00 UTC,5.055265996924779,1882784145.8312755,69351203.31828304
2021-05-11 00:00:00 UTC,4.745644621053528,1764446797.7828424,77815422.13818015
2021-05-12 00:00:00 UTC,4.945517168419045,1846883226.3232162,64425898.714902416
2021-05-13 00:00:00 UTC,4.950574458895463,1864658818.4048183,231255159.64244834
2021-05-14 00:00:00 UTC,5.566802155018664,2078443968.743302,198969457.8592233
2021-05-15 00:00:00 UTC,5.742656138248411,2165924212.7430863,163177508.88334745
2021-05-16 00:00:00 UTC,5.9419702597823765,2235705354.109574,431958809.6660564
2021-05-17 00:00:00 UTC,5.853096756023392,2196282185.225529,191641620.4922104
2021-05-18 00:00:00 UTC,5.689457161066763,2155411730.7207837,193324828.61314204
2021-05-19 00:00:00 UTC,5.695863657602177,2156036227.0703397,146296464.9302346
2021-05-20 00:00:00 UTC,3.6541509071909988,1413301646.7403083,255215452.41192225
2021-05-21 00:00:00 UTC,4.182523873195288,1577821695.3936749,168873062.3766477
2021-05-22 00:00:00 UTC,3.4028276010017495,1307725646.0370843,141320741.40531448
2021-05-23 00:00:00 UTC,3.171282718176313,1218492040.4216359,98421613.60989158
2021-05-24 00:00:00 UTC,2.6966042296879356,1028382602.9536847,141801915.00599837
2021-05-25 00:00:00 UTC,3.251753639463259,1252456176.9917731,127624516.2059154
2021-05-26 00:00:00 UTC,3.317432182068265,1283699206.4583561,104292548.12130715
2021-05-27 00:00:00 UTC,3.5441846495627445,1361060480.3812685,129490265.80435733
2021-05-28 00:00:00 UTC,3.276181643234168,1254406124.6513138,95003345.14178382
2021-05-29 00:00:00 UTC,2.933566924177307,1143564986.4363217,99601595.01023263
2021-05-30 00:00:00 UTC,2.712249429112463,1059584251.4153315,75150086.97652465
2021-05-31 00:00:00 UTC,3.10535355026765,1206676524.7183702,103422717.6580445
2021-06-01 00:00:00 UTC,3.3434351164970013,1300572619.9935994,127025491.02796215
2021-06-02 00:00:00 UTC,3.2393536236657385,1274281420.1054049,99870023.91015306
2021-06-03 00:00:00 UTC,3.3230913598610585,1303511118.830236,82910278.74481969
2021-06-04 00:00:00 UTC,3.624569762938831,1424971807.2184527,87454429.8060108
2021-06-05 00:00:00 UTC,3.1869799423063356,1255519239.0953054,80406762.76179671
2021-06-06 00:00:00 UTC,3.2986827077492102,1295477304.9679327,84852776.48082876
2021-06-07 00:00:00 UTC,3.1970084872693665,1265585674.2106268,46928263.45020364
2021-06-08 00:00:00 UTC,2.91061059702733,1162007631.6288452,56149756.94909618
2021-06-09 00:00:00 UTC,2.9138893674548347,1164050135.7357738,57506516.51661196
2021-06-10 00:00:00 UTC,3.23903009127669,1304166963.5534227,80575360.43067461
2021-06-11 00:00:00 UTC,2.985069859650757,1190995879.2215066,56011145.51078469
2021-06-12 00:00:00 UTC,3.021103928342573,1211737542.8391888,56926803.02463258
2021-06-13 00:00:00 UTC,2.9119890270134734,1171799115.4708834,45670820.7851426
2021-06-14 00:00:00 UTC,3.145803653551887,1261099539.448161,37763595.029414415
2021-06-15 00:00:00 UTC,3.227316001645471,1299510967.242162,68117104.57202907
2021-06-16 00:00:00 UTC,3.234557438023862,1305481759.0335305,51316708.04657166
2021-06-17 00:00:00 UTC,3.0407519757794166,1229408398.2879567,45353511.32119176
2021-06-18 00:00:00 UTC,3.088398822120475,1243432646.89718,40208747.69523757
2021-06-19 00:00:00 UTC,2.916925669771286,1186947073.905734,81154819.78294253
2021-06-20 00:00:00 UTC,2.871949911611795,1168008013.3034186,35700827.80519235
2021-06-21 00:00:00 UTC,2.889848545134506,1178729236.3534517,37722150.14008968
2021-06-22 00:00:00 UTC,2.265390816074593,936725881.4024857,60433973.083244495
2021-06-23 00:00:00 UTC,2.120783702584154,867255340.8096411,65523376.438980296
2021-06-24 00:00:00 UTC,2.1520837490160742,877872957.2694263,60916697.16002941
2021-06-25 00:00:00 UTC,2.1662864272449567,891504517.3177998,45771852.45759166
2021-06-26 00:00:00 UTC,1.938533322336344,799701044.4574375,49715611.90487104
2021-06-27 00:00:00 UTC,1.8772091530794737,765742124.6287304,50615934.21469163
2021-06-28 00:00:00 UTC,1.949216870944841,801463449.5988631,33404788.357051548
2021-06-29 00:00:00 UTC,1.9685714748935819,808674493.8325328,36110486.61116499
2021-06-30 00:00:00 UTC,2.08276855662257,857859431.643744,49406527.51784621
2021-07-01 00:00:00 UTC,2.0897345434997363,860090560.3048253,40698575.71557791
2021-07-02 00:00:00 UTC,2.0940420861528457,860421334.8942238,49588200.33626422
2021-07-03 00:00:00 UTC,2.109535428015109,869170095.2976214,52530946.97537291
2021-07-04 00:00:00 UTC,2.2522547142209737,924846857.9030004,45881688.2084241
2021-07-05 00:00:00 UTC,2.2963828714874914,944784980.2179068,34159322.87311805
2021-07-06 00:00:00 UTC,2.1868065320251193,900686267.3734068,35185350.556986056
2021-07-07 00:00:00 UTC,2.2518517339106827,923990580.9555669,37385489.205388255
2021-07-08 00:00:00 UTC,2.3057808519034326,952057861.8353021,39163613.77585046
2021-07-09 00:00:00 UTC,2.1035387924402245,866746466.6456338,31628471.22264096
2021-07-10 00:00:00 UTC,2.098485533538043,863195725.7502705,22521144.786352884
2021-07-11 00:00:00 UTC,2.1119895163296185,871584685.2660885,20380109.719395354
2021-07-12 00:00:00 UTC,2.1696806411807827,895059012.9336947,30687032.354394622
2021-07-13 00:00:00 UTC,2.102170294655589,866265019.4275535,19543992.806102943
2021-07-14 00:00:00 UTC,1.9400514326014684,801463657.3004727,22015095.866567783
2021-07-15 00:00:00 UTC,1.997371539190536,823968654.4305102,32347302.50070364
2021-07-16 00:00:00 UTC,1.9094857939366443,792553180.975556,51714432.51423214
2021-07-17 00:00:00 UTC,1.8389823538913994,763898421.2431393,35793439.326149024
2021-07-18 00:00:00 UTC,1.9408387730446686,806482636.0353587,52273998.16870792
2021-07-19 00:00:00 UTC,1.9262853126798754,801222664.6353087,32711193.697724238
2021-07-20 00:00:00 UTC,1.7513131982543324,729727795.6202843,34015926.481482126
2021-07-21 00:00:00 UTC,1.6921580553193036,704578827.1774207,35243703.04016976
2021-07-22 00:00:00 UTC,1.8315965135513914,758602365.4078921,30143381.431328747
2021-07-23 00:00:00 UTC,1.9343157410047231,804232839.2487093,33547144.93941542
2021-07-24 00:00:00 UTC,1.9322989859929407,803052660.2756511,30681884.047068413
2021-07-25 00:00:00 UTC,2.1268779837848144,885505744.7515631,54392876.51453486
2021-07-26 00:00:00 UTC,2.1405245575062297,889375757.5306183,68977788.86626096
2021-07-27 00:00:00 UTC,2.1288101219005835,893828426.3761333,86532651.57813722
2021-07-28 00:00:00 UTC,2.240104317294082,930390248.0885938,59934835.2027531
2021-07-29 00:00:00 UTC,2.226886206287462,934589968.2738202,47827400.8680385
2021-07-30 00:00:00 UTC,2.250427604634417,946849001.1719213,40359081.841572516
2021-07-31 00:00:00 UTC,2.326459496047025,976445412.9709804,49151580.130295515
2021-08-01 00:00:00 UTC,2.407660668807123,1014990228.9031107,56484661.04241958
2021-08-02 00:00:00 UTC,2.3929403403552043,1008500052.5377458,46446573.84544365
2021-08-03 00:00:00 UTC,2.3558611019780082,996549638.9797132,47764504.826023616
2021-08-04 00:00:00 UTC,2.3480413613609388,993387676.3405802,46502328.16964027
2021-08-05 00:00:00 UTC,2.459396215231932,1046938549.1862866,43269783.3908414
2021-08-06 00:00:00 UTC,2.5039832401416,1060836260.8921863,53262355.501044974
2021-08-07 00:00:00 UTC,2.5245349837462556,1069496530.4899439,46799937.997933365
2021-08-08 00:00:00 UTC,2.738112816692112,1158303554.54797,83154589.60471408
2021-08-09 00:00:00 UTC,2.5481243418311013,1084481297.9265943,60607682.502304785
2021-08-10 00:00:00 UTC,2.6847784920597615,1139206229.9306498,50275260.05755185
2021-08-11 00:00:00 UTC,2.8405730507250326,1207958494.1290658,66621567.04828311
2021-08-12 00:00:00 UTC,2.996386947433428,1275838620.5930414,64376390.19372323
2021-08-13 00:00:00 UTC,3.296434712303231,1405402651.5598586,165715796.7757353
2021-08-14 00:00:00 UTC,3.411146219465805,1462906900.9300132,76768791.68434915
2021-08-15 00:00:00 UTC,3.2392854403868916,1408613404.9314601,72434305.6344641
2021-08-16 00:00:00 UTC,3.2267827987867292,1400524621.8043823,63328719.11684364
2021-08-17 00:00:00 UTC,3.4397264056613728,1487559453.13512,103911216.38834998
2021-08-18 00:00:00 UTC,3.7135393495643174,1633878129.69221,230217049.551043
2021-08-19 00:00:00 UTC,4.395249357697003,1924543975.991693,327567755.9369944
2021-08-20 00:00:00 UTC,4.46708982499922,1936423269.5686812,197489680.96612066
2021-08-21 00:00:00 UTC,4.412823245602742,1922156678.5940232,114392016.02854356
2021-08-22 00:00:00 UTC,6.139505713954202,2676608136.5186834,387963849.76945585
2021-08-23 00:00:00 UTC,5.492712357058148,2420253290.823279,387528581.9693214
2021-08-24 00:00:00 UTC,5.504823425767366,2417642290.0762987,201507265.14787573
2021-08-25 00:00:00 UTC,5.167150280776363,2280438625.4264703,194338740.71442547
2021-08-26 00:00:00 UTC,5.478235066211459,2405349706.476688,206189005.51978788
2021-08-27 00:00:00 UTC,4.9501519028380265,2192485215.8029876,190064075.43972826
2021-08-28 00:00:00 UTC,5.314849241398814,2347885183.255814,163562469.89050716
2021-08-29 00:00:00 UTC,5.707543337345135,2535399790.1720166,184966016.2103533
2021-08-30 00:00:00 UTC,5.639550405337735,2496506975.88318,263372282.75540805
2021-08-31 00:00:00 UTC,5.368247101686802,2374422823.8175545,180653482.73948798
2021-09-01 00:00:00 UTC,5.305027537836623,2356222373.204287,152895209.58847445
2021-09-02 00:00:00 UTC,5.48953446652111,2445865992.311003,119051189.32297137
2021-09-03 00:00:00 UTC,5.50168638971479,2455044728.1664395,106465644.30686334
2021-09-04 00:00:00 UTC,6.179327832042541,2754493625.8967476,413125541.72978675
2021-09-05 00:00:00 UTC,6.092990896502329,2734485034.922619,177929524.63152638
2021-09-06 00:00:00 UTC,6.123642352724773,2736119755.6989713,136059505.12224153
2021-09-07 00:00:00 UTC,6.11412261228396,2744365075.5656147,174487824.51299846
2021-09-08 00:00:00 UTC,8.646942749327959,3803209503.7997117,1303310091.9585028
2021-09-09 00:00:00 UTC,10.365184120839684,4654346681.365889,2135320629.5665576
2021-09-10 00:00:00 UTC,9.777801113658546,4422910530.809565,1158291722.104499
2021-09-11 00:00:00 UTC,9.9074395179828,4478084466.57592,714900261.6752168
2021-09-12 00:00:00 UTC,8.968649905914233,4051185527.1525197,436231539.793008
2021-09-13 00:00:00 UTC,9.014020740345051,4096500208.1151276,418959940.4849938
2021-09-14 00:00:00 UTC,8.236702010579675,3732114013.232657,347565987.6764384
2021-09-15 00:00:00 UTC,8.637406058160568,3968883455.870209,341354645.6194298
2021-09-16 00:00:00 UTC,9.296780737672002,4279909193.4842033,320616796.4125272
2021-09-17 00:00:00 UTC,8.767409782434568,4022394973.672067,236555176.46102002
2021-09-18 00:00:00 UTC,8.330635155773159,3858855095.3698063,189906380.9770454
2021-09-19 00:00:00 UTC,9.086396909534527,4198036119.3181357,299003847.5993087
2021-09-20 00:00:00 UTC,9.94782223803054,4540097239.496943,476070784.52968264
2021-09-21 00:00:00 UTC,7.691288763147939,3548918294.152199,684765521.4852293
2021-09-22 00:00:00 UTC,6.60426596589241,3064468322.837933,397346176.1389718
2021-09-23 00:00:00 UTC,7.645125639465004,3551502275.820574,302510497.9823864
2021-09-24 00:00:00 UTC,9.29236035907466,4327937284.795275,472528548.92191076
2021-09-25 00:00:00 UTC,7.943531811854199,3697234957.5979333,489956485.5149691
2021-09-26 00:00:00 UTC,7.68236523127079,3584836813.193487,261860347.1005047
2021-09-27 00:00:00 UTC,7.294410596417686,3402757963.021612,312083516.88253194
2021-09-28 00:00:00 UTC,6.87632056691487,3242273576.7319875,226544350.29807788
2021-09-29 00:00:00 UTC,6.383703330732744,3010152635.768278,209029813.6130661
2021-09-30 00:00:00 UTC,6.676914566535775,3133526319.3082314,298795500.49705285
2021-10-01 00:00:00 UTC,6.925046867353292,3258595976.823328,257763733.69511738
2021-10-02 00:00:00 UTC,7.809324547064601,3668765583.8236103,314010196.868873
2021-10-03 00:00:00 UTC,7.863064642109847,3709714444.298699,213189513.35507295
2021-10-04 00:00:00 UTC,8.04799532954171,3811889796.3568945,243357684.2205271
2021-10-05 00:00:00 UTC,7.663613232577609,3633124788.651326,256518053.33447534
2021-10-06 00:00:00 UTC,8.02037349272624,3806802980.479666,246289017.30863532
2021-10-07 00:00:00 UTC,7.809205994799195,3710089448.381303,224929179.6414421
2021-10-08 00:00:00 UTC,8.219212001542196,3895897486.6780386,304227709.57525337
2021-10-09 00:00:00 UTC,8.076423366109918,3841491799.260476,271578506.1384943
2021-10-10 00:00:00 UTC,8.030802020061742,3827578822.254715,136471351.24397856
2021-10-11 00:00:00 UTC,7.388854016754511,3525184373.7380695,149535603.34449875
2021-10-12 00:00:00 UTC,7.432986789270184,3511480616.7431045,136324123.2059251
2021-10-13 00:00:00 UTC,7.2308989218490245,3459941116.7316895,164860077.20466748
2021-10-14 00:00:00 UTC,7.268418185677782,3478713945.896249,144968430.4359105
2021-10-15 00:00:00 UTC,8.072185786294828,4201328779.162416,216633573.75122473
2021-10-16 00:00:00 UTC,7.899990112146322,4104943976.7602687,217200720.32224476
2021-10-17 00:00:00 UTC,7.894860900023152,4125164140.953084,138403278.55181846
2021-10-18 00:00:00 UTC,7.787778065472014,4063492796.7004814,97848461.95507964
2021-10-19 00:00:00 UTC,7.818739327308521,4085119470.8408213,107156550.35262671
2021-10-20 00:00:00 UTC,8.190924296279055,4258975069.622421,157548953.78615165
2021-10-21 00:00:00 UTC,8.73252908234006,4585067815.116113,226275267.69117522
2021-10-22 00:00:00 UTC,9.441376405210603,4948483706.113892,384805847.04059684
2021-10-23 00:00:00 UTC,9.137052982191609,4790411492.974991,263338260.33435005
2021-10-24 00:00:00 UTC,9.308636751354372,4888361567.809482,146850112.93456656
2021-10-25 00:00:00 UTC,9.669305173165581,5064477139.684425,269908811.6813838
2021-10-26 00:00:00 UTC,12.419023944498168,6529782450.325326,827916880.2446657
2021-10-27 00:00:00 UTC,12.34294859339568,6532003975.710111,644555915.333501
2021-10-28 00:00:00 UTC,10.897722235486224,5754623879.37263,555803441.4041668
2021-10-29 00:00:00 UTC,11.37430429649067,6005930735.590072,478108448.3988549
2021-10-30 00:00:00 UTC,11.553082716820937,6012862998.189456,232946787.0673762
2021-10-31 00:00:00 UTC,10.472299596763536,5546579605.666975,239107097.0754206
2021-11-01 00:00:00 UTC,10.18160604809049,5383868990.262999,238339256.37640795
2021-11-02 00:00:00 UTC,10.156896824476354,5351857915.379154,258530419.65346357
2021-11-03 00:00:00 UTC,10.476172018091766,5542978595.986261,239905160.6010114
2021-11-04 00:00:00 UTC,10.993650112660688,5866931500.046698,313227548.4823479
2021-11-05 00:00:00 UTC,10.656640636324704,5605700127.098233,244924500.81579375
2021-11-06 00:00:00 UTC,10.401289700129553,5535370119.823938,176761789.41365147
2021-11-07 00:00:00 UTC,10.213784106825779,5426450044.4888525,203164691.08619034
2021-11-08 00:00:00 UTC,10.358602290491694,5519268790.01444,153803740.09235543
2021-11-09 00:00:00 UTC,10.731098705154377,5752807080.595666,224217796.4185458
2021-11-10 00:00:00 UTC,11.407872079400791,6101921710.151522,349693350.4311992
2021-11-11 00:00:00 UTC,10.80039545516588,5809736202.852393,404657653.69056576
2021-11-12 00:00:00 UTC,12.282967289333309,6632460997.116532,495305391.4273601
2021-11-13 00:00:00 UTC,11.28376446750906,6094079284.221825,353297577.79519916
2021-11-14 00:00:00 UTC,11.200010118452793,6078905339.40525,192232290.27938542
2021-11-15 00:00:00 UTC,11.912817217769383,6488160591.259671,256930499.7037854
2021-11-16 00:00:00 UTC,11.114207561273624,6077651683.476823,188770367.35120448
2021-11-17 00:00:00 UTC,9.754086635239206,5341906015.491147,378810238.95674616
2021-11-18 00:00:00 UTC,9.431602877924265,5143381526.248416,239942785.2612301
2021-11-19 00:00:00 UTC,8.77754232358639,4804143965.018383,266817199.1792764
2021-11-20 00:00:00 UTC,9.478081594689192,5286723363.740293,180607568.04305318
2021-11-21 00:00:00 UTC,9.842303773248172,5509541650.740074,177985894.62981585
2021-11-22 00:00:00 UTC,9.756552951930006,5516903361.620821,144798696.99548304
2021-11-23 00:00:00 UTC,9.286434597234978,5222674423.413706,154492397.654698
2021-11-24 00:00:00 UTC,9.956094409782624,5590055187.258083,180865032.89207485
2021-11-25 00:00:00 UTC,9.239854354903903,5191927709.934726,204622736.27775726
2021-11-26 00:00:00 UTC,9.26715937373833,5222440064.883597,143919340.559521
2021-11-27 00:00:00 UTC,8.220876097549253,4644882804.964103,239407387.43254444
2021-11-28 00:00:00 UTC,8.247549884666583,4652451950.418261,88468509.53846915
2021-11-29 00:00:00 UTC,8.36671384715985,4736049324.459996,169862804.65535513
2021-11-30 00:00:00 UTC,8.428663773720778,4779774941.253657,94652861.11403686
2021-12-01 00:00:00 UTC,8.717096449890493,4971035959.31671,187064770.93219408
2021-12-02 00:00:00 UTC,8.49242160159856,4802464904.4669285,113782472.48767458
2021-12-03 00:00:00 UTC,8.2359218335556,4684179476.947234,107812193.14056526
2021-12-04 00:00:00 UTC,9.148647987764065,5229979418.935005,376335620.65148413
2021-12-05 00:00:00 UTC,7.9644307798438545,4523131651.128932,451563638.65546757
2021-12-06 00:00:00 UTC,7.313289091173842,4166793551.7147384,153398803.90119883
2021-12-07 00:00:00 UTC,7.300216070143302,4155156380.3113217,205342634.0814505
2021-12-08 00:00:00 UTC,7.609277204171576,4336095033.249394,173929798.94898286
2021-12-09 00:00:00 UTC,9.38491636103346,5364165532.579859,515307473.6373312
2021-12-10 00:00:00 UTC,9.873805042249765,5562158393.969573,577772564.3474201
2021-12-11 00:00:00 UTC,10.070459940198926,5797549414.016111,536897125.0138434
2021-12-12 00:00:00 UTC,11.499703698770823,6507977049.82462,613924714.7462708
2021-12-13 00:00:00 UTC,10.581562496124667,6056925719.731372,337855124.7544895
2021-12-14 00:00:00 UTC,9.110274386466866,5238217100.6513605,320128780.95470756
2021-12-15 00:00:00 UTC,9.294415908948812,5379379970.694676,263389808.06068775
2021-12-16 00:00:00 UTC,9.837962256200287,5753707034.319251,1054072336.4452085
2021-12-17 00:00:00 UTC,9.244821840616039,5348523280.152644,297824709.67972666
2021-12-18 00:00:00 UTC,8.415058803510613,4907343486.566587,249096660.73078474
2021-12-19 00:00:00 UTC,8.420322772719645,4898381898.550999,159351764.3282615
2021-12-20 00:00:00 UTC,8.985282932707547,5276419989.150698,358472897.1867253
2021-12-21 00:00:00 UTC,8.553332625965279,5115427929.676059,280929684.2262619
2021-12-22 00:00:00 UTC,9.267656954217346,5521184852.523897,239810512.4182923
2021-12-23 00:00:00 UTC,10.833611093847436,6450716901.717287,784459037.9381849
2021-12-24 00:00:00 UTC,13.750746537177793,8213930071.402992,1384885942.999447
2021-12-25 00:00:00 UTC,14.843810965722534,8852401191.409712,1115877096.8900454
2021-12-26 00:00:00 UTC,15.226116314143118,9085418392.964441,668429359.0513214
2021-12-27 00:00:00 UTC,16.15134219919088,9564238709.0674,512933832.8601045
2021-12-28 00:00:00 UTC,14.699180397865701,8794721968.634892,497716288.8074006
2021-12-29 00:00:00 UTC,13.361156331319087,8042009803.418517,595724998.7898902
2021-12-30 00:00:00 UTC,14.998093677675588,8883767194.882166,713971079.6384367
2021-12-31 00:00:00 UTC,15.41589334159289,9282255311.827204,707445661.116507
2022-01-01 00:00:00 UTC,14.609275429299062,8854169171.25533,382535726.4677488
2022-01-02 00:00:00 UTC,15.231516581396988,9144393083.312815,232065534.97527972
2022-01-03 00:00:00 UTC,14.435640136719696,8688224509.254932,243603573.45548984
2022-01-04 00:00:00 UTC,16.426755145250493,9754615200.934122,661007281.8001777
2022-01-05 00:00:00 UTC,16.032932962996124,9910727526.736305,1033777436.19828
2022-01-06 00:00:00 UTC,15.439848919887641,9357510065.414396,891244615.1178298
2022-01-07 00:00:00 UTC,15.966921041047947,9663344935.809565,885598425.226342
2022-01-08 00:00:00 UTC,15.036343129406083,9130670575.866972,778656868.8238645
2022-01-09 00:00:00 UTC,13.853209466601687,8434858380.977887,543381518.9277765
2022-01-10 00:00:00 UTC,13.53395156486414,8192312009.272713,367141983.9011937
2022-01-11 00:00:00 UTC,15.479842285048102,9303025590.731335,952896785.0150987
2022-01-12 00:00:00 UTC,18.096208842649432,11030496530.274855,1163236650.6173604
2022-01-13 00:00:00 UTC,17.549370261741764,10679449765.443827,900811298.6661428
2022-01-14 00:00:00 UTC,19.585521877456895,11886135050.94963,1190033346.592676
2022-01-15 00:00:00 UTC,20.23676126297608,12462550402.221441,1198948397.2438927
2022-01-16 00:00:00 UTC,19.38738359917695,11903527528.834972,500463994.0245636
2022-01-17 00:00:00 UTC,20.055964230601138,12300351668.008766,624831591.8447922
2022-01-18 00:00:00 UTC,17.772791509920026,10916195162.333862,690761074.2277107
2022-01-19 00:00:00 UTC,17.721685989580788,10933395115.336452,728419199.5369649
2022-01-20 00:00:00 UTC,16.205634838450408,10024057537.191286,673157114.9142029
2022-01-21 00:00:00 UTC,15.252582599936938,9534491285.558321,649384934.8233564
2022-01-22 00:00:00 UTC,13.136859138433653,8145637836.515916,1068172152.6927488
2022-01-23 00:00:00 UTC,11.359403799182694,7020154716.501201,1043217375.9176813
2022-01-24 00:00:00 UTC,11.728028445395676,7214153436.823307,849454576.4123617
2022-01-25 00:00:00 UTC,10.720688290968189,6677226630.36266,866630385.0048106
2022-01-26 00:00:00 UTC,12.15778669414525,7565927032.829286,782090462.5409739
2022-01-27 00:00:00 UTC,11.308088683745774,7046196554.7423315,921512101.1197827
2022-01-28 00:00:00 UTC,10.56164578989188,6449523453.327385,710762454.575258
2022-01-29 00:00:00 UTC,10.785350150180475,6707495363.024512,468649827.88094944
2022-01-30 00:00:00 UTC,11.064755657202362,6889974467.356276,330880540.84049296
2022-01-31 00:00:00 UTC,10.350207321456296,6497158103.289896,281617694.49591726
2022-02-01 00:00:00 UTC,11.129860000544564,6963599919.23543,350967231.8544606
2022-02-02 00:00:00 UTC,11.234625880279326,7087406300.382022,331714837.11156714
2022-02-03 00:00:00 UTC,11.072260640266599,6975925339.28438,451242200.52409
2022-02-04 00:00:00 UTC,10.91625281989249,6850145750.057508,371390459.4703699
2022-02-05 00:00:00 UTC,13.03985643249612,8170418358.114732,685473843.623125
2022-02-06 00:00:00 UTC,12.873704789426165,8169132750.291066,734057491.0253382
2022-02-07 00:00:00 UTC,13.523972100805661,8537202677.362828,639776842.8503823
2022-02-08 00:00:00 UTC,13.510720034480032,8560928343.411642,674865587.9569288
2022-02-09 00:00:00 UTC,12.813516834433372,8105084182.654686,669838601.8775202
2022-02-10 00:00:00 UTC,12.991470340438811,8236046606.064094,377322564.69124657
2022-02-11 00:00:00 UTC,11.82346614520172,7499227285.610166,392798253.99112684
2022-02-12 00:00:00 UTC,10.87328032382129,6864451324.200302,446321828.8871353
2022-02-13 00:00:00 UTC,10.776792353727158,6770713577.25612,288115099.06660795
2022-02-14 00:00:00 UTC,10.424773618235305,6631334339.906002,251733938.74674365
2022-02-15 00:00:00 UTC,10.533930223916874,6689754498.849147,286497098.9247348
2022-02-16 00:00:00 UTC,11.509137235332924,7334705802.835162,346831104.7575381
2022-02-17 00:00:00 UTC,11.210169046509352,7169657109.95303,225156493.83000925
2022-02-18 00:00:00 UTC,10.447065371420585,6683994619.419835,462662810.6837428
2022-02-19 00:00:00 UTC,10.294061685870307,6559352395.692024,255347443.6873832
2022-02-20 00:00:00 UTC,10.061785602688678,6397236131.007887,162171689.0448402
2022-02-21 00:00:00 UTC,9.311180404840453,5988497182.171686,267159045.11111233
2022-02-22 00:00:00 UTC,8.561711643100352,5466840501.710135,343325221.07023793
2022-02-23 00:00:00 UTC,8.966106719447811,5723257894.175579,299101130.1430738
2022-02-24 00:00:00 UTC,8.586661017381655,5484990558.926568,240797637.04385912
2022-02-25 00:00:00 UTC,8.486606252958834,5423685540.982271,520367212.9301822
2022-02-26 00:00:00 UTC,8.951658078619278,5741413544.43512,282188778.87579834
2022-02-27 00:00:00 UTC,9.109323389570482,5818021386.731069,249652366.11695895
2022-02-28 00:00:00 UTC,8.504452666488886,5448297776.148647,227266550.53336975
2022-03-01 00:00:00 UTC,9.729168163789915,6156851752.719787,312135098.94181347
2022-03-02 00:00:00 UTC,11.851831866509027,7552845824.180435,995945527.9968284
2022-03-03 00:00:00 UTC,11.068750298101703,7116053086.473389,653441720.5116861
2022-03-04 00:00:00 UTC,11.045285845855165,7108772640.7776165,519631431.93570447
2022-03-05 00:00:00 UTC,10.42409985098748,6711990142.998672,650418470.642717
2022-03-06 00:00:00 UTC,10.512440586732406,6767882325.597689,363793346.8640626
2022-03-07 00:00:00 UTC,10.203821592291987,6600947332.217216,405319264.02252716
2022-03-08 00:00:00 UTC,9.711210147664456,6267361243.456437,436244343.7779113
2022-03-09 00:00:00 UTC,9.72435499785672,6275978388.971065,286181811.6678925
2022-03-10 00:00:00 UTC,11.636044948854053,7443529402.6363535,727831418.951101
2022-03-11 00:00:00 UTC,11.064688751861157,7135364161.840055,809518424.5151083
2022-03-12 00:00:00 UTC,10.256943696375764,6675178654.30042,501458082.0187846
2022-03-13 00:00:00 UTC,10.357353783064251,6682845031.439161,246096176.45711172
2022-03-14 00:00:00 UTC,9.888314368183025,6377956647.22614,244831647.49992484
2022-03-15 00:00:00 UTC,10.14439974738955,6553165273.588026,319785681.73351115
2022-03-16 00:00:00 UTC,10.123621113049511,6636021264.760873,337533278.7867829
2022-03-17 00:00:00 UTC,10.8179583498171,7010504942.965055,432467677.22426933
2022-03-18 00:00:00 UTC,10.735602537518206,7050383078.4058275,351440088.7877611
2022-03-19 00:00:00 UTC,11.41321950039263,7508164098.093035,302385536.1131358
2022-03-20 00:00:00 UTC,11.291208679091406,7410139638.158831,301678083.17984253
2022-03-21 00:00:00 UTC,10.637902221982293,6977656353.1477995,203343746.9788053
2022-03-22 00:00:00 UTC,10.871447817614516,7140901856.842667,278647121.8695727
2022-03-23 00:00:00 UTC,11.04824923586259,7268547869.291927,310081158.9797639
2022-03-24 00:00:00 UTC,12.483549172345427,8202288072.934086,624664174.1136156
2022-03-25 00:00:00 UTC,12.886628909673455,8526990246.170154,585282220.4559618
2022-03-26 00:00:00 UTC,12.227664580216024,8050240680.907331,451681418.09618306
2022-03-27 00:00:00 UTC,12.71428187572629,8409111347.176781,536624661.7638341
2022-03-28 00:00:00 UTC,13.164775831537924,8693550921.191414,368454140.5257255
2022-03-29 00:00:00 UTC,12.586249020172437,8429831182.026743,468816753.7413138
2022-03-30 00:00:00 UTC,14.115259077418607,9342328559.214079,842976043.8886417
2022-03-31 00:00:00 UTC,14.027535264815995,9329609387.70216,634768626.3283957
2022-04-01 00:00:00 UTC,13.197747367728937,8734530051.207306,534489145.1446581
2022-04-02 00:00:00 UTC,14.63086155631096,9510616460.284176,628441386.3020549
2022-04-03 00:00:00 UTC,14.799834432644872,9819412198.864822,897827426.6665684
2022-04-04 00:00:00 UTC,16.77115270514287,11034753272.52669,1231230359.5932016
2022-04-05 00:00:00 UTC,17.164398268112954,11376411364.392546,1642724709.4095278
2022-04-06 00:00:00 UTC,16.10181197824343,10746446465.260483,1026235575.0436348
2022-04-07 00:00:00 UTC,15.242622975128578,10192287377.975508,1805663044.960421
2022-04-08 00:00:00 UTC,17.429073637892902,11434385816.177288,1352523317.861793
2022-04-09 00:00:00 UTC,17.558975895490303,11597979758.618433,3003175057.73243
2022-04-10 00:00:00 UTC,17.438564138566225,11539804611.822334,1405979380.4293783
2022-04-11 00:00:00 UTC,15.813595560198275,10632195697.223019,904558534.1035472
2022-04-12 00:00:00 UTC,15.961519574612382,10566976945.911125,1492358881.2447875
2022-04-13 00:00:00 UTC,16.572485532119185,10970018221.213459,1826417065.5791733
2022-04-14 00:00:00 UTC,16.85709280401614,11253769411.42017,1063789622.6666081
2022-04-15 00:00:00 UTC,16.386823194555735,10969328834.232792,1063068669.3178227
2022-04-16 00:00:00 UTC,16.001361845271102,10753346520.132427,757933438.1198723
2022-04-17 00:00:00 UTC,15.970330496432593,10793054092.531586,442590139.6652328
2022-04-18 00:00:00 UTC,15.721403389309554,10559128908.349842,621764547.1705589
2022-04-19 00:00:00 UTC,16.236580042171422,10947387197.147366,1056067709.0567702
2022-04-20 00:00:00 UTC,17.405309699866812,11793171655.29948,1420952205.6391544
2022-04-21 00:00:00 UTC,16.64082252333891,11245357327.878572,1179255525.697452
2022-04-22 00:00:00 UTC,15.576071895066718,10512029381.122211,1221692223.5425646
2022-04-23 00:00:00 UTC,15.60127378975467,10572754421.799356,797569499.9206651
2022-04-24 00:00:00 UTC,15.338360765662731,10417218911.481737,576923355.7569053
2022-04-25 00:00:00 UTC,15.036085225794439,10273664976.570763,570570610.8674546
2022-04-26 00:00:00 UTC,14.294157666688191,9685490385.311457,1093718562.7601187
2022-04-27 00:00:00 UTC,12.62280764505232,8573657705.248488,1012472249.6041875
2022-04-28 00:00:00 UTC,12.837149933349806,8751736858.46753,930737469.2362396
2022-04-29 00:00:00 UTC,12.390727566170128,8429494596.482152,658030239.286431
2022-04-30 00:00:00 UTC,11.280450017516701,7584824076.266893,655687339.4694302
2022-05-01 00:00:00 UTC,10.374447420447853,6968254425.992324,570683206.499154
2022-05-02 00:00:00 UTC,11.85373755371901,7996030715.487254,1000352828.4519849
2022-05-03 00:00:00 UTC,11.762901398424788,7938111029.291491,827318127.2054483
2022-05-04 00:00:00 UTC,11.933328957674384,7996473438.071884,577899693.5687741
2022-05-05 00:00:00 UTC,12.997136051920656,8787169437.346292,927687089.2138855
2022-05-06 00:00:00 UTC,11.239525021832147,7591129560.349707,837953770.6942651
2022-05-07 00:00:00 UTC,10.825235823535444,7338512049.954461,697802917.5278381
2022-05-08 00:00:00 UTC,10.466018334735939,7121797600.827835,434491342.5196384
2022-05-09 00:00:00 UTC,11.16951897711987,7552800894.028467,785210252.452906
2022-05-10 00:00:00 UTC,9.533678525626588,6575589880.099905,1341543412.3196547
2022-05-11 00:00:00 UTC,9.613475960219724,6514420556.413131,1476072863.245342
2022-05-12 00:00:00 UTC,6.357385489676193,4287760894.2210016,2115556874.8086128
2022-05-13 00:00:00 UTC,6.429199500432946,4444162851.931283,1315174728.7182944
2022-05-14 00:00:00 UTC,6.5220295699852695,4455078461.627663,1070843011.5097036
2022-05-15 00:00:00 UTC,6.718515352486529,4613868623.412225,463589544.8488359
2022-05-16 00:00:00 UTC,7.35998031562979,5052302442.083961,472395515.81289303
2022-05-17 00:00:00 UTC,6.525626161529556,4502898376.714782,415279802.6183384
2022-05-18 00:00:00 UTC,6.6787399125798395,4618852888.326078,376950129.4878139
2022-05-19 00:00:00 UTC,5.895338823028539,4109608622.797561,369015323.4061225
2022-05-20 00:00:00 UTC,6.129593688466199,4242415104.577899,399228751.0885434
2022-05-21 00:00:00 UTC,5.773849053792074,3980336386.5732527,298096397.9509032
2022-05-22 00:00:00 UTC,6.141918140114648,4241678560.661022,215718660.82105684
2022-05-23 00:00:00 UTC,6.260142664051536,4349336819.895934,290398020.1836845
2022-05-24 00:00:00 UTC,5.824683296309321,4059811945.791891,330765212.23355794
2022-05-25 00:00:00 UTC,5.9741069521287375,4157178653.012365,359120069.02234834
2022-05-26 00:00:00 UTC,5.742703861917344,4000186564.6717224,324400334.3374337
2022-05-27 00:00:00 UTC,5.2541393087261765,3658472000.187879,490614432.1607461
2022-05-28 00:00:00 UTC,4.7903827529976315,3346533530.4643764,474169989.8388022
2022-05-29 00:00:00 UTC,5.0148053257763765,3520474460.221312,233853246.42352432
2022-05-30 00:00:00 UTC,5.178481988460084,3632708372.2030964,251423206.79133427
2022-05-31 00:00:00 UTC,5.759712215557725,4039968375.8490963,399056176.76906484
2022-06-01 00:00:00 UTC,5.947665144874647,4203911234.647025,663851277.465045
2022-06-02 00:00:00 UTC,5.352912092815359,3769221925.8228183,442518347.2163921
2022-06-03 00:00:00 UTC,5.609055112242151,3953608116.133824,330350050.9020297
2022-06-04 00:00:00 UTC,5.249960210462132,3672678187.5029364,211838299.59927693
2022-06-05 00:00:00 UTC,5.333133751210084,3731079630.2061386,174469728.9716989
2022-06-06 00:00:00 UTC,5.328493224232071,3762954340.9331164,141470219.78337082
2022-06-07 00:00:00 UTC,5.492538358501246,3886205125.7876573,282955011.31529224
2022-06-08 00:00:00 UTC,5.21354768302369,3703291245.6428027,228032655.46822822
2022-06-09 00:00:00 UTC,5.0750497590982215,3599108827.4834623,185620424.45342672
2022-06-10 00:00:00 UTC,5.077097703978498,3593035201.8113565,142625060.39103642
2022-06-11 00:00:00 UTC,4.499541842913264,3190886205.6383224,271717561.5629741
2022-06-12 00:00:00 UTC,4.084401962020471,2897239452.3697395,244914310.44450113
2022-06-13 00:00:00 UTC,3.7334397710197527,2670820996.3032637,357287500.1361197
2022-06-14 00:00:00 UTC,3.501180931845809,2449305492.4486365,530155270.1421365
2022-06-15 00:00:00 UTC,3.3950796681248163,2404521293.594658,389746919.2670508
2022-06-16 00:00:00 UTC,3.8299890525081146,2681471732.754143,508877005.87929946
2022-06-17 00:00:00 UTC,3.1948024320789368,2338567394.534761,298620606.745448
2022-06-18 00:00:00 UTC,3.382533133943493,2418299114.720165,242236907.00133595
2022-06-19 00:00:00 UTC,3.1002862517237144,2229584103.988986,266145684.34260604
2022-06-20 00:00:00 UTC,3.2830743434882796,2356507717.574608,266195359.5383121
2022-06-21 00:00:00 UTC,3.4265487500013343,2460270251.581669,257309452.4492798
2022-06-22 00:00:00 UTC,3.5090121737592224,2529889648.0408235,298172668.8004308
2022-06-23 00:00:00 UTC,3.275853702154242,2371114381.571694,223186888.11296058
2022-06-24 00:00:00 UTC,3.5611301551475583,2573857211.815304,199833059.53757292
2022-06-25 00:00:00 UTC,4.008833380958044,2922971549.5987453,378149950.23357826
2022-06-26 00:00:00 UTC,4.168509626277172,3007474833.9747043,380625105.497934
2022-06-27 00:00:00 UTC,3.795857604989557,2736397339.187557,249168641.55016208
2022-06-28 00:00:00 UTC,3.7370992956462916,2698556389.0487294,207803600.57320637
2022-06-29 00:00:00 UTC,3.410190013166057,2467861633.380079,252917216.98617598
2022-06-30 00:00:00 UTC,3.409568726915156,2474605033.371218,227529726.56944197
2022-07-01 00:00:00 UTC,3.3069462681191584,2386905128.7378354,197337026.059034
2022-07-02 00:00:00 UTC,3.3762498194580077,2461534564.1659675,217781518.97172815
2022-07-03 00:00:00 UTC,3.3160615755087233,2404034033.876062,127815563.38163948
2022-07-04 00:00:00 UTC,3.3285441743483575,2410913735.775218,124228015.2979664
2022-07-05 00:00:00 UTC,3.5163312191885856,2555589221.8857927,167546331.65794232
2022-07-06 00:00:00 UTC,3.3941771158605225,2467987979.5280867,217218456.00070745
2022-07-07 00:00:00 UTC,3.5029587572311227,2554744431.914205,218160859.55254516
2022-07-08 00:00:00 UTC,3.7227233954547927,2718440117.835395,188071513.82693487
2022-07-09 00:00:00 UTC,3.6390807283122606,2653541208.8653345,244656157.73374695
2022-07-10 00:00:00 UTC,3.808548536078227,2782085323.0358458,198895279.42988178
2022-07-11 00:00:00 UTC,3.5288952679183363,2578715537.925913,177444715.8251603
2022-07-12 00:00:00 UTC,3.2322722504623704,2366421426.231824,154457362.07723373
2022-07-13 00:00:00 UTC,3.2024095056701847,2369123454.341307,148602676.99652728
2022-07-14 00:00:00 UTC,3.331667632326715,2437010105.21555,226456401.41028446
2022-07-15 00:00:00 UTC,3.490455137725876,2568600752.6152697,195566738.43267718
2022-07-16 00:00:00 UTC,3.5017840405872667,2583025463.94698,193381034.19071546
2022-07-17 00:00:00 UTC,3.646460246365339,2702964677.967812,169228110.4188667
2022-07-18 00:00:00 UTC,3.5421784449830938,2626011748.094273,214718021.28249508
2022-07-19 00:00:00 UTC,4.07293211449496,2989606032.197333,346744514.7146855
2022-07-20 00:00:00 UTC,4.550110819993814,3387509702.928185,704585503.0924424
2022-07-21 00:00:00 UTC,4.196656324052397,3125384299.354817,393726789.6331623
2022-07-22 00:00:00 UTC,4.376082860442939,3253438971.6987424,274113037.40629786
2022-07-23 00:00:00 UTC,4.331625147317917,3212902153.219981,292869994.1191785
2022-07-24 00:00:00 UTC,4.320356882651207,3205086493.0256824,209912489.2388111
2022-07-25 00:00:00 UTC,4.358971766755267,3247094372.8575277,196058866.85422826
2022-07-26 00:00:00 UTC,3.7936705548508844,2852345170.378424,240286032.31760883
2022-07-27 00:00:00 UTC,3.7480986724381724,2794273895.155907,194430639.25447485
2022-07-28 00:00:00 UTC,4.143939422999899,3093789053.767878,238227944.8683768
2022-07-29 00:00:00 UTC,4.358341389583463,3259635981.052977,341615555.06994987
2022-07-30 00:00:00 UTC,4.400853391760224,3323641632.796438,301464349.4288246
2022-07-31 00:00:00 UTC,4.353006434103154,3250061688.8694553,337417359.93578017
2022-08-01 00:00:00 UTC,4.252031368707312,3190816616.823693,254320535.4368097
2022-08-02 00:00:00 UTC,4.288708551352912,3198419496.7006574,226195235.47093177
2022-08-03 00:00:00 UTC,4.321301490365369,3276366732.3972974,292316496.3229498
2022-08-04 00:00:00 UTC,4.531819650956049,3395227475.355414,343788616.0355808
2022-08-05 00:00:00 UTC,4.434237761021997,3327982584.49659,355152621.3634504
2022-08-06 00:00:00 UTC,5.200514488101295,3894290484.0923233,660562370.9375397
2022-08-07 00:00:00 UTC,4.917394861051609,3701789294.189585,314678417.98736376
2022-08-08 00:00:00 UTC,4.990456329146826,3759013982.219137,300761711.5980435
2022-08-09 00:00:00 UTC,5.502632834379643,4158732549.489062,571144649.6893387
2022-08-10 00:00:00 UTC,5.377573073683021,4058365757.5058327,419926067.24923307
2022-08-11 00:00:00 UTC,5.884396263381035,4435609307.569851,793605445.385141
2022-08-12 00:00:00 UTC,5.756363647970473,4348156081.514242,375922668.1847054
2022-08-13 00:00:00 UTC,5.995365786435725,4534912508.836802,423106632.4776013
2022-08-14 00:00:00 UTC,5.871363468806036,4447395158.0343,264994084.1818242
2022-08-15 00:00:00 UTC,5.611833082722159,4279529656.989796,232155496.56814468
2022-08-16 00:00:00 UTC,5.416201961852327,4129457710.2668486,311446883.94673955
2022-08-17 00:00:00 UTC,5.285612852092044,4033271939.239816,292112466.18033755
2022-08-18 00:00:00 UTC,4.972543208602537,3802015833.8858733,369885634.528618
2022-08-19 00:00:00 UTC,4.859485885700755,3722774274.8318605,252011441.91509226
2022-08-20 00:00:00 UTC,4.26622505269303,3266556544.0606422,472921034.6626388
2022-08-21 00:00:00 UTC,4.158308707383934,3178420191.901677,386141547.3077321
2022-08-22 00:00:00 UTC,4.240985754496719,3257502323.3449354,228356995.27895117
2022-08-23 00:00:00 UTC,4.123748997337112,3149183555.4502273,280732399.84069735
2022-08-24 00:00:00 UTC,4.30501769847433,3305289277.4576974,380570024.6533269
2022-08-25 00:00:00 UTC,4.274494088793188,3284302542.9092145,269301006.6277693
2022-08-26 00:00:00 UTC,4.326270087355328,3335569453.3742175,233375857.22619736
2022-08-27 00:00:00 UTC,3.9370757464333277,3016409961.080455,372422059.08113694
2022-08-28 00:00:00 UTC,3.926940214562612,3027243199.80525,207104047.63333035
2022-08-29 00:00:00 UTC,3.775012098922947,2914743480.5943675,165497055.48025262
2022-08-30 00:00:00 UTC,4.039244835560819,3123452318.8147264,206959337.4793172
2022-08-31 00:00:00 UTC,4.208563484287933,3257583346.938833,277926197.24966383
2022-09-01 00:00:00 UTC,4.364541049809285,3372250381.7076874,339536876.25321424
2022-09-02 00:00:00 UTC,4.346046441991848,3356018499.9944086,259997191.0384226
2022-09-03 00:00:00 UTC,4.178111922394495,3230639843.5272093,227011683.88805038
2022-09-04 00:00:00 UTC,4.161298367512221,3229101945.4334226,97547603.62520902
2022-09-05 00:00:00 UTC,4.235733496918636,3285574293.1544833,115413919.2746028
2022-09-06 00:00:00 UTC,4.2325237938394435,3282671283.1747913,140815425.05596992
2022-09-07 00:00:00 UTC,4.080188083966172,3175253340.054656,408295880.76011896
2022-09-08 00:00:00 UTC,4.377479860275096,3412373118.701121,290283026.62901855
2022-09-09 00:00:00 UTC,4.679093970215893,3640723774.461526,372495612.5273941
2022-09-10 00:00:00 UTC,4.821451994279202,3767309798.7168307,303245355.6323635
2022-09-11 00:00:00 UTC,4.814890007466078,3758054740.731781,283880313.5602575
2022-09-12 00:00:00 UTC,4.88240200562032,3819959987.2636957,280637989.3119833
2022-09-13 00:00:00 UTC,5.057086752562667,3940035204.497974,552913938.257354
2022-09-14 00:00:00 UTC,4.427542874635345,3465576460.5953016,496238222.3965845
2022-09-15 00:00:00 UTC,4.514321908494593,3545020146.1822634,300303996.85234725
2022-09-16 00:00:00 UTC,4.177721955361411,3287272993.2061553,266333178.3961291
2022-09-17 00:00:00 UTC,4.194881955782533,3296136844.162955,186391586.72411448
2022-09-18 00:00:00 UTC,4.381466441994484,3450780229.860036,173240378.72780755
2022-09-19 00:00:00 UTC,3.907766944479011,3073820060.191829,222486848.30493927
2022-09-20 00:00:00 UTC,4.0617250534917,3199823486.157643,288735711.39173084
2022-09-21 00:00:00 UTC,3.812383980919811,3011449315.4783707,257747259.55289558
2022-09-22 00:00:00 UTC,3.6634361645264306,2871973695.9040365,349953515.1344878
2022-09-23 00:00:00 UTC,3.873769691719061,3048776406.7884135,204556738.07049733
2022-09-24 00:00:00 UTC,3.7935819999524187,2985733728.7874017,249067665.82928848
2022-09-25 00:00:00 UTC,3.7047615057497096,2917312591.67143,154865560.16393718
2022-09-26 00:00:00 UTC,3.646861690659514,2867784415.1220627,120459612.37532933
2022-09-27 00:00:00 UTC,3.6691843653189515,2884234093.107387,174488003.67023078
2022-09-28 00:00:00 UTC,3.6244663323894803,2859356881.260452,206196952.9054961
2022-09-29 00:00:00 UTC,3.580762850034462,2817814801.2883563,169721850.44555676
2022-09-30 00:00:00 UTC,3.5812868309523704,2819346181.5235953,141544082.40253884
2022-10-01 00:00:00 UTC,3.5616287027082825,2846890030.6467695,142251389.04863098
2022-10-02 00:00:00 UTC,3.5538505471602035,2836960921.84455,74764891.54308245
2022-10-03 00:00:00 UTC,3.484350068101212,2796344138.7777805,94222666.38029797
2022-10-04 00:00:00 UTC,3.5470905112141256,2840992444.169078,119220000.76982993
2022-10-05 00:00:00 UTC,3.625718974051777,2907438317.7659183,115837944.94638552
2022-10-06 00:00:00 UTC,3.693456652269709,2953397549.905623,183530225.21873003
2022-10-07 00:00:00 UTC,3.61873421589395,2896036935.665888,138247643.01195207
2022-10-08 00:00:00 UTC,3.544858758076816,2841274135.175883,110826792.47817537
2022-10-09 00:00:00 UTC,3.49567783115409,2807064159.410567,73117255.37951595
2022-10-10 00:00:00 UTC,3.5167214065057504,2821168732.7024994,61347256.61053576
2022-10-11 00:00:00 UTC,3.236911439110776,2619351559.5344353,126959734.66394237
2022-10-12 00:00:00 UTC,3.1731455104214015,2549531964.8373322,227254096.3758105
2022-10-13 00:00:00 UTC,3.1544145402564054,2541698381.317971,118562726.63274412
2022-10-14 00:00:00 UTC,3.0451573222311885,2457709030.4376087,341362630.4338261
2022-10-15 00:00:00 UTC,3.0103555387402587,2434890201.3553934,163811700.50091344
2022-10-16 00:00:00 UTC,2.925459376977728,2379583372.8905797,92755228.69940628
2022-10-17 00:00:00 UTC,3.0011283889099336,2436665850.7528133,87732335.59014414
2022-10-18 00:00:00 UTC,3.0649671126550198,2488612871.2497425,95060673.33844931
2022-10-19 00:00:00 UTC,2.9715448043410984,2413677114.5669937,133935650.23245999
2022-10-20 00:00:00 UTC,2.8224084965896283,2297082622.700422,136237809.7582077
2022-10-21 00:00:00 UTC,2.86634799425883,2331005217.3952236,134447978.199934
2022-10-22 00:00:00 UTC,2.888163458576726,2352136814.6823125,156718357.31332177
2022-10-23 00:00:00 UTC,2.9186422150276354,2376865210.009911,117943984.8170562
2022-10-24 00:00:00 UTC,2.9797925811942085,2424434369.9545956,143374815.25879773
2022-10-25 00:00:00 UTC,2.9152322177220356,2372616194.829046,158288613.78463417
2022-10-26 00:00:00 UTC,3.0095591687421055,2450907395.946258,212663084.76333377
2022-10-27 00:00:00 UTC,3.0616509017930973,2496351095.6289983,214920827.937176
2022-10-28 00:00:00 UTC,2.9689157781638023,2429340498.9997544,221856251.73628542
2022-10-29 00:00:00 UTC,3.025001061723921,2471667000.891703,174064366.4340336
2022-10-30 00:00:00 UTC,3.0762737042915376,2508090662.4682336,215199504.77037582
2022-10-31 00:00:00 UTC,3.1035200935654177,2530223580.898881,189361264.7543642
2022-11-01 00:00:00 UTC,3.106999163339525,2541971965.174572,171845837.7045495
2022-11-02 00:00:00 UTC,3.0232818497895253,2472429866.4278026,305017993.25155467
2022-11-03 00:00:00 UTC,2.89937936203041,2372305189.7171,214217227.0163614
2022-11-04 00:00:00 UTC,3.0275166998959295,2471947399.4849253,218128413.88940302
2022-11-05 00:00:00 UTC,3.300972351283923,2690201603.2195625,235318279.20498958
2022-11-06 00:00:00 UTC,3.323454525070304,2729804643.556795,271219161.9587915
2022-11-07 00:00:00 UTC,3.1019717697832982,2544543180.017402,175228664.1506449
2022-11-08 00:00:00 UTC,3.045992477946622,2495028179.8601527,179770129.04793814
2022-11-09 00:00:00 UTC,2.626630059698901,2165391533.3774934,371263283.6474521
2022-11-10 00:00:00 UTC,2.0143560809998755,1657437866.3902118,401788892.027364
2022-11-11 00:00:00 UTC,2.3228279573386676,1900236550.801444,322836974.3556485
2022-11-12 00:00:00 UTC,2.1353890954307095,1743262800.7311046,207615311.36147484
2022-11-13 00:00:00 UTC,1.9975293591501515,1635924985.6814463,211485369.3583643
2022-11-14 00:00:00 UTC,1.9562683125955675,1598966956.2380178,149445203.1930684
2022-11-15 00:00:00 UTC,1.9632407759469421,1628695312.2871728,168137839.67581305
2022-11-16 00:00:00 UTC,1.9804006490197978,1638396873.2215183,105382595.79518813
2022-11-17 00:00:00 UTC,1.925438519902035,1591075160.6242397,82113495.83822551
2022-11-18 00:00:00 UTC,1.8301160866616628,1514766077.7437415,101875596.59303275
2022-11-19 00:00:00 UTC,1.7864233984998281,1480201039.0624158,112292179.87459551
2022-11-20 00:00:00 UTC,1.749913810627821,1447209618.381949,108749742.33425994
2022-11-21 00:00:00 UTC,1.5712695030324373,1296366033.2741015,136415755.53046784
2022-11-22 00:00:00 UTC,1.5648083364869223,1295171971.508903,225064319.94007432
2022-11-23 00:00:00 UTC,1.6214178737477174,1348486841.5929487,168451869.67763728
2022-11-24 00:00:00 UTC,1.6840159989147627,1401205973.0721765,141045643.04770508
2022-11-25 00:00:00 UTC,1.6434319246744915,1364625343.8226058,110274965.75199835
2022-11-26 00:00:00 UTC,1.6479913702485642,1366678689.8868244,73655452.66742155
2022-11-27 00:00:00 UTC,1.6074218765128265,1333578323.5835392,89940006.99338453
2022-11-28 00:00:00 UTC,1.6153754080985527,1348128163.3931289,86109323.48495404
2022-11-29 00:00:00 UTC,1.591445328555057,1322539569.8430862,123075965.26458572
2022-11-30 00:00:00 UTC,1.6103518715672471,1341145899.637307,79987548.96666464
2022-12-01 00:00:00 UTC,1.7302636787831007,1442846764.8316221,147288655.65044212
2022-12-02 00:00:00 UTC,1.7399226034223745,1447970286.831426,128759074.7870871
2022-12-03 00:00:00 UTC,1.765100240622822,1463441391.034576,126707020.29469974
2022-12-04 00:00:00 UTC,1.6762297347564779,1401402498.061104,70889918.27501662
2022-12-05 00:00:00 UTC,1.7347572511294063,1447665215.624,74916020.6230142
2022-12-06 00:00:00 UTC,1.7203374355094452,1435103330.8352182,109796201.89884625
2022-12-07 00:00:00 UTC,1.7866067671127648,1481314259.4814823,106209592.96582854
2022-12-08 00:00:00 UTC,1.6940290880933224,1416770195.802499,133039742.8959469
2022-12-09 00:00:00 UTC,1.7056367268948573,1423541590.8952553,95139918.01763979
2022-12-10 00:00:00 UTC,1.7007373418143905,1420322880.199536,62512498.063837714
2022-12-11 00:00:00 UTC,1.706523838551015,1422634197.1197858,36898527.83047777
2022-12-12 00:00:00 UTC,1.6385908870473473,1368038324.8027933,45099977.39110735
2022-12-13 00:00:00 UTC,1.6295154607517137,1362979365.7033706,77097060.7703981
2022-12-14 00:00:00 UTC,1.7082944177998431,1430012823.5572343,125842057.2833997
2022-12-15 00:00:00 UTC,1.662684743781429,1400085180.6464899,99472511.5595817
2022-12-16 00:00:00 UTC,1.5871415513517584,1342149293.2496755,64535359.76331919
2022-12-17 00:00:00 UTC,1.3668752657554961,1151611916.0258718,99849610.62678564
2022-12-18 00:00:00 UTC,1.3972954652263612,1175842037.1577127,76721442.7037931
2022-12-19 00:00:00 UTC,1.3706970559600709,1156166120.2655733,43119349.495613314
2022-12-20 00:00:00 UTC,1.257478499444181,1064310475.0446378,104140920.7357456
2022-12-21 00:00:00 UTC,1.3457219035085957,1133761784.4301672,82298907.44795236
2022-12-22 00:00:00 UTC,1.3045288676254414,1102124892.4288344,66299542.32867003
2022-12-23 00:00:00 UTC,1.3222245423550862,1113445977.8682837,59626876.18738899
2022-12-24 00:00:00 UTC,1.3455851219310562,1135128485.1863053,48967112.12379586
2022-12-25 00:00:00 UTC,1.3417698050153053,1133969680.9011467,27148225.804566465
2022-12-26 00:00:00 UTC,1.3379473208360984,1128407168.1080573,36696987.78601054
2022-12-27 00:00:00 UTC,1.3631067907390075,1152444631.4857209,37706935.38302625
2022-12-28 00:00:00 UTC,1.360384876567176,1146106445.568517,54147023.352518745
2022-12-29 00:00:00 UTC,1.317548378208826,1111240541.2103717,58435042.997991316
2022-12-30 00:00:00 UTC,1.2993834920467708,1094523520.6659396,54384218.57653762
2022-12-31 00:00:00 UTC,1.2746145157804014,1076579756.3879013,54305707.78877695
2023-01-01 00:00:00 UTC,1.262824067893108,1060685915.2917576,33167440.063315008
2023-01-02 00:00:00 UTC,1.2753058986629817,1076715799.219123,34998843.386064276
2023-01-03 00:00:00 UTC,1.312503604701252,1107147747.758622,48993779.37976037
2023-01-04 00:00:00 UTC,1.3355522484488016,1127484406.0514476,54072803.787989214
2023-01-05 00:00:00 UTC,1.5518861017051222,1308102917.4322522,266940449.4523245
2023-01-06 00:00:00 UTC,1.5265088877334052,1291637889.1141095,152318464.81059235
2023-01-07 00:00:00 UTC,1.593485072607944,1346567902.906741,109340044.5101308
2023-01-08 00:00:00 UTC,1.5679128304313528,1317978693.234174,55014105.57522098
2023-01-09 00:00:00 UTC,1.6355567807627425,1384878029.2640877,104030246.43453689
2023-01-10 00:00:00 UTC,1.6437657306526279,1388033829.0919948,213725013.53861237
2023-01-11 00:00:00 UTC,1.6444951500605842,1389043916.9918787,95216893.05088763
2023-01-12 00:00:00 UTC,1.8227621675781591,1540357291.4763913,229110265.0842367
2023-01-13 00:00:00 UTC,1.8372033308627025,1561096814.690521,274531616.1366704
2023-01-14 00:00:00 UTC,1.9494329597434075,1651906639.8900464,215743260.6989012
2023-01-15 00:00:00 UTC,2.261921891879445,1922252894.7763278,644566926.6709847
2023-01-16 00:00:00 UTC,2.2385177219918417,1904578064.8776941,240739884.02344513
2023-01-17 00:00:00 UTC,2.1926279207735884,1866823907.684036,331614514.71453846
2023-01-18 00:00:00 UTC,2.1535911301674506,1837663525.474057,203782636.78898245
2023-01-19 00:00:00 UTC,1.9797012055895196,1682030882.8921072,230193576.84742942
2023-01-20 00:00:00 UTC,2.0959289876801424,1783550198.3260837,164001836.19126976
2023-01-21 00:00:00 UTC,2.3876852367817083,2015827770.9467912,220030004.5392261
2023-01-22 00:00:00 UTC,2.3275407134398454,1970704557.2868817,317413505.7125506
2023-01-23 00:00:00 UTC,2.4059455383074466,2037587937.1683428,288658167.1541721
2023-01-24 00:00:00 UTC,2.553262464075445,2167942494.5124044,307247787.235942
2023-01-25 00:00:00 UTC,2.3494772818828116,1997599120.4564443,197850310.0646417
2023-01-26 00:00:00 UTC,2.55517787759922,2167483805.256094,226474165.76473027
2023-01-27 00:00:00 UTC,2.5171916859547925,2142637199.799516,258315979.06649733
2023-01-28 00:00:00 UTC,2.5580086085540805,2184855181.4097624,253455517.17238012
2023-01-29 00:00:00 UTC,2.4673160631430293,2097031309.088159,215108570.68169314
2023-01-30 00:00:00 UTC,2.5739782634353245,2187434052.304079,153898560.72987992
2023-01-31 00:00:00 UTC,2.3006114766589882,1953168418.5902517,210493608.83252257
2023-02-01 00:00:00 UTC,2.3347978193167718,1985123768.5912504,162833281.3664835
2023-02-02 00:00:00 UTC,2.4226545415504366,2061902033.8780406,261170954.6685935
2023-02-03 00:00:00 UTC,2.4473595872301104,2085796133.360304,256925830.55933535
2023-02-04 00:00:00 UTC,2.5063913685053194,2141680088.8818665,152999146.96732
2023-02-05 00:00:00 UTC,2.5027269695698604,2139606399.5706024,121596875.78896275
2023-02-06 00:00:00 UTC,2.3942862746365425,2045123590.8383055,158948649.78234503
2023-02-07 00:00:00 UTC,2.307968264363344,1971544260.925069,128305417.66054063
2023-02-08 00:00:00 UTC,2.491099330378787,2128075319.6347504,176689301.72975963
2023-02-09 00:00:00 UTC,2.6562210503957706,2274356522.506895,514731077.5670894
2023-02-10 00:00:00 UTC,2.259208472679479,1924893300.513975,288238729.0854789
2023-02-11 00:00:00 UTC,2.2495948927815244,1920782621.5150998,165130312.71875492
2023-02-12 00:00:00 UTC,2.2861367570300564,1950324806.446134,86630853.93540092
2023-02-13 00:00:00 UTC,2.2296884437717246,1909217304.4659257,135524073.45649886
2023-02-14 00:00:00 UTC,2.1887515432008913,1874637242.8827507,152722537.7373936
2023-02-15 00:00:00 UTC,2.2470065961005705,1931183725.686775,152900063.7406482
2023-02-16 00:00:00 UTC,2.5157339611433436,2137293752.111586,209656749.3134748
2023-02-17 00:00:00 UTC,2.3215112261929582,1990643252.828478,245376046.6190797
2023-02-18 00:00:00 UTC,2.463037458640916,2119407593.3291776,194353614.7083895
2023-02-19 00:00:00 UTC,2.5814812956394575,2218792390.8881755,250436565.2712851
2023-02-20 00:00:00 UTC,2.57125628804419,2212676350.7531214,241531267.29013568
2023-02-21 00:00:00 UTC,2.6888796628809386,2316564722.106469,265489484.49547797
2023-02-22 00:00:00 UTC,2.5588469353317964,2196883995.420877,209911058.1585703
2023-02-23 00:00:00 UTC,2.5032020493039746,2158633724.304767,175380763.59159443
2023-02-24 00:00:00 UTC,2.4712501681106667,2122629879.2539291,112904736.91643496
2023-02-25 00:00:00 UTC,2.3132768379725177,1994966843.1912897,132923649.43571328
2023-02-26 00:00:00 UTC,2.2884847330590246,1969122681.677313,108667435.61781977
2023-02-27 00:00:00 UTC,2.3709614889606967,2046881049.7771435,87997277.41534662
2023-02-28 00:00:00 UTC,2.346791737170087,2025284146.5005512,120959325.05310662
2023-03-01 00:00:00 UTC,2.2285478572327464,1923260703.669011,96262367.08751914
2023-03-02 00:00:00 UTC,2.3185495428624363,2001850535.405697,110313273.42400195
2023-03-03 00:00:00 UTC,2.2572711365775793,1948441844.782474,89879665.56766967
2023-03-04 00:00:00 UTC,2.1003305635703446,1815397376.7166715,136021477.4045419
2023-03-05 00:00:00 UTC,2.0502221461596757,1772939432.5996614,83215076.1841593
2023-03-06 00:00:00 UTC,2.034021439326867,1753322775.4479797,76629916.62323943
2023-03-07 00:00:00 UTC,2.0559056135454346,1778451556.6890538,98395602.32920489
2023-03-08 00:00:00 UTC,2.002753997292299,1729240957.2038236,105697997.56273858
2023-03-09 00:00:00 UTC,1.8402576711867131,1596420542.691891,120494697.60278231
2023-03-10 00:00:00 UTC,1.7914705010052812,1547285168.350462,144111817.81413126
2023-03-11 00:00:00 UTC,1.8029511363411121,1563282882.5266292,162090016.09205428
2023-03-12 00:00:00 UTC,1.796978954884878,1548177111.2895558,158950838.7639168
2023-03-13 00:00:00 UTC,1.9512059928198122,1686433766.0431132,125676837.7446811
2023-03-14 00:00:00 UTC,2.0349923158103485,1769187192.939364,213709507.94549778
2023-03-15 00:00:00 UTC,2.1234549826078033,1837365999.725012,211669641.42242143
2023-03-16 00:00:00 UTC,1.9304496941183344,1671733116.0420425,189572596.4690134
2023-03-17 00:00:00 UTC,1.9796571349588796,1716055660.0549574,113413047.83528414
2023-03-18 00:00:00 UTC,2.1685065336906257,1873626284.3710306,134360304.066971
2023-03-19 00:00:00 UTC,2.0908808900136067,1812261326.153667,150712429.59998518
2023-03-20 00:00:00 UTC,2.1602641402241693,1877601831.074773,172238926.5208729
2023-03-21 00:00:00 UTC,2.0073212259494073,1741442272.8973613,166120715.79619303
2023-03-22 00:00:00 UTC,2.083313397730319,1801998757.1303453,132309530.08976674
2023-03-23 00:00:00 UTC,1.9658281701935296,1700383376.3044596,171988293.67892256
2023-03-24 00:00:00 UTC,2.057252441739202,1778866014.8091486,104455720.53102843
2023-03-25 00:00:00 UTC,1.9757561129122132,1710133237.7043343,117126677.04438208
2023-03-26 00:00:00 UTC,1.937380441963726,1676765261.2514493,87744248.87980933
2023-03-27 00:00:00 UTC,1.9626291766194752,1704952291.7922895,77189458.80925009
2023-03-28 00:00:00 UTC,1.8501950758265875,1600378059.2179105,91130131.87100103
2023-03-29 00:00:00 UTC,1.8885936692150604,1634139170.7497199,74037530.6148041
2023-03-30 00:00:00 UTC,2.004669008952007,1735164490.8191733,99112089.6107759
2023-03-31 00:00:00 UTC,1.9283798503914953,1667792939.9505963,103775500.28885396
2023-04-01 00:00:00 UTC,1.9952365333609017,1730503895.1705103,92061471.37328087
2023-04-02 00:00:00 UTC,1.989130945168852,1722625966.0293775,61132964.83568598
2023-04-03 00:00:00 UTC,1.922494970666205,1664302737.1190746,69756243.7592653
2023-04-04 00:00:00 UTC,1.9495951148181785,1694009152.4003687,121082400.68006605
2023-04-05 00:00:00 UTC,1.9963515364684994,1726159177.5975,86173380.48183402
2023-04-06 00:00:00 UTC,2.029569845421388,1758988382.3151162,115134780.44368403
2023-04-07 00:00:00 UTC,1.9880033899367733,1722846518.41469,87899902.86035402
2023-04-08 00:00:00 UTC,2.0192738094787717,1750578255.3070676,77773459.3083762
2023-04-09 00:00:00 UTC,1.970873573371011,1709900678.8656971,64222295.643437006
2023-04-10 00:00:00 UTC,2.011248824557926,1741620965.652276,74957344.90670738
2023-04-11 00:00:00 UTC,2.0630270405028157,1788890747.9200234,88129034.20206119
2023-04-12 00:00:00 UTC,2.054400248339676,1812297904.9037235,112703101.72510618
2023-04-13 00:00:00 UTC,2.230844744505199,1968892288.1438725,269678036.5324009
2023-04-14 00:00:00 UTC,2.20393614624563,1947268808.6991467,150472623.6263686
2023-04-15 00:00:00 UTC,2.2221333366317095,1968347836.44846,170828946.01380867
2023-04-16 00:00:00 UTC,2.3188579226060058,2063872292.544395,225846323.03061867
2023-04-17 00:00:00 UTC,2.325712693933627,2066166592.584007,131269822.30078481
2023-04-18 00:00:00 UTC,2.2914555574004565,2034093205.3128412,152071038.46927795
2023-04-19 00:00:00 UTC,2.3438071093061597,2087943503.7563279,142094439.20497555
2023-04-20 00:00:00 UTC,2.150157041647677,1914064271.066477,206751810.4912464
2023-04-21 00:00:00 UTC,2.0467235702955886,1819730767.5122423,149320537.58045807
2023-04-22 00:00:00 UTC,1.9259572101646283,1715272695.5463612,120566780.63249215
2023-04-23 00:00:00 UTC,1.951606868995008,1740122584.458638,66594099.365204036
2023-04-24 00:00:00 UTC,1.917058440775791,1704317249.7934146,77089077.19868208
2023-04-25 00:00:00 UTC,1.8849349959469974,1682671978.0341575,79889486.28660834
2023-04-26 00:00:00 UTC,1.9679871130860618,1754730930.4381106,89674017.50669228
2023-04-27 00:00:00 UTC,1.8893793379864416,1686909766.2204516,132895047.67116013
2023-04-28 00:00:00 UTC,1.9250130269714156,1718607425.341028,83233428.66222581
2023-04-29 00:00:00 UTC,1.9178974081846158,1714784031.5070758,49645090.40798945
2023-04-30 00:00:00 UTC,1.9360547186350485,1733561972.9720304,39177512.376416676
2023-05-01 00:00:00 UTC,1.9408586542724389,1738621360.6167576,55327987.385461554
2023-05-02 00:00:00 UTC,1.838990640101429,1644573788.48659,74907606.17221498
2023-05-03 00:00:00 UTC,1.837024166880393,1644733190.0628793,48320650.521407604
2023-05-04 00:00:00 UTC,1.902785729069643,1705949834.890646,73648429.54713908
2023-05-05 00:00:00 UTC,1.8419702575955348,1652283810.2247021,47296241.78419197
2023-05-06 00:00:00 UTC,1.8677439788031884,1675818952.5320303,59350175.97200245
2023-05-07 00:00:00 UTC,1.7725014539104968,1590325347.4925325,68386768.09421553
2023-05-08 00:00:00 UTC,1.748635340313858,1568069660.391536,46184869.40204412
2023-05-09 00:00:00 UTC,1.6439523895968795,1476674327.892535,94119722.35251716
2023-05-10 00:00:00 UTC,1.6225399280424808,1457577818.7778153,47515556.90485008
2023-05-11 00:00:00 UTC,1.6638587750104448,1495737936.1924384,76139260.64537907
2023-05-12 00:00:00 UTC,1.598600559499815,1437683829.2662075,70717394.45678565
2023-05-13 00:00:00 UTC,1.6499262933522858,1484460755.8313615,92954431.29922056
2023-05-14 00:00:00 UTC,1.6595186030291091,1496643393.0300756,53294112.80973596
2023-05-15 00:00:00 UTC,1.6546509988255322,1490503105.0128472,52098691.1895121
2023-05-16 00:00:00 UTC,1.661262119285529,1503522976.5112164,69637431.83144863
2023-05-17 00:00:00 UTC,1.6567999106001319,1502244337.8761706,60396486.78114911
2023-05-18 00:00:00 UTC,1.7000805292255292,1543654239.241119,63618540.08107268
2023-05-19 00:00:00 UTC,1.6564478837378802,1504727555.0972912,57105525.15375648
2023-05-20 00:00:00 UTC,1.666366113155795,1511692233.3526173,49444025.59563125
2023-05-21 00:00:00 UTC,1.6711400067569382,1506692793.258434,37855989.59930554
2023-05-22 00:00:00 UTC,1.6113327380388451,1465033880.903964,39927263.914150394
2023-05-23 00:00:00 UTC,1.6120428169522567,1463711303.751496,52006054.8844602
2023-05-24 00:00:00 UTC,1.6507596552105765,1492719371.5440462,51862625.211485066
2023-05-25 00:00:00 UTC,1.573826212584185,1432638436.6064334,61802648.53717999
2023-05-26 00:00:00 UTC,1.5623075540336193,1418247895.1680262,59006953.16398405
2023-05-27 00:00:00 UTC,1.5796211263449804,1435779283.6529973,54778014.265747614
2023-05-28 00:00:00 UTC,1.636450903144871,1490227869.8413248,41629787.8279631
2023-05-29 00:00:00 UTC,1.6693023089737413,1520305387.1907089,53872553.87152328
2023-05-30 00:00:00 UTC,1.629078299341129,1484076321.5962355,51100109.55124986
2023-05-31 00:00:00 UTC,1.6089658327278458,1472404461.627367,48553550.28152968
2023-06-01 00:00:00 UTC,1.5736289678149569,1428937512.6779613,58129039.066409916
2023-06-02 00:00:00 UTC,1.547118796044881,1411418349.8496492,45725472.543270186
2023-06-03 00:00:00 UTC,1.618340306259958,1471958429.7259395,60716924.06371533
2023-06-04 00:00:00 UTC,1.6163855187329903,1474089080.4016368,38959613.088813126
2023-06-05 00:00:00 UTC,1.620923537820219,1480543536.9574518,37750061.55090231
2023-06-06 00:00:00 UTC,1.5028078701865812,1372944993.5024126,100076459.41589224
2023-06-07 00:00:00 UTC,1.533275367654174,1399195138.345917,74067577.14357448
2023-06-08 00:00:00 UTC,1.417843573835466,1295374541.9780893,68534905.0027884
2023-06-09 00:00:00 UTC,1.4140528484905588,1289504286.097756,56232559.99536968
2023-06-10 00:00:00 UTC,1.3877532707996894,1269227141.638729,51251778.63344697
2023-06-11 00:00:00 UTC,1.2045370070079016,1102940384.6281831,137288944.6926515
2023-06-12 00:00:00 UTC,1.2063460771278223,1102685367.9858854,60400896.75823668
2023-06-13 00:00:00 UTC,1.1988497991479667,1097327816.267451,57647716.67425709
2023-06-14 00:00:00 UTC,1.1973040515030646,1097674917.061463,66173973.86635358
2023-06-15 00:00:00 UTC,1.1735669106806959,1075972241.2845323,63364695.64994462
2023-06-16 00:00:00 UTC,1.1932922394503944,1099257216.7573092,53182112.38313522
2023-06-17 00:00:00 UTC,1.213845995447749,1117391834.5885322,36728795.88738311
2023-06-18 00:00:00 UTC,1.2565885729247048,1158992411.3790226,41957379.574702516
2023-06-19 00:00:00 UTC,1.2382843852202965,1142366374.2288742,37705160.75092791
2023-06-20 00:00:00 UTC,1.236813134898354,1141019827.8204863,29585076.522925843
2023-06-21 00:00:00 UTC,1.2957474267558924,1195841164.8785598,38054676.114526406
2023-06-22 00:00:00 UTC,1.3391147399468566,1235797980.7689288,58714456.36525852
2023-06-23 00:00:00 UTC,1.3256102997067232,1227554025.4296312,51664677.041600116
2023-06-24 00:00:00 UTC,1.378385017376918,1273265179.3220642,42387137.57551319
2023-06-25 00:00:00 UTC,1.41393828943161,1304953405.0767546,50251392.766199216
2023-06-26 00:00:00 UTC,1.399657762955418,1295592816.8593152,41961172.0025776
2023-06-27 00:00:00 UTC,1.4855439882578887,1369623373.405198,199089854.24014977
2023-06-28 00:00:00 UTC,1.479006083392502,1368252916.4710467,60818373.73625813
2023-06-29 00:00:00 UTC,1.3632778378972372,1262474369.1585534,50860166.88911048
2023-06-30 00:00:00 UTC,1.3504317534303902,1252390984.4800806,45184370.7006266
2023-07-01 00:00:00 UTC,1.3836421034276782,1279622832.6474416,95021139.62998343
2023-07-02 00:00:00 UTC,1.4799197344723398,1370192541.2070432,55762224.23681521
2023-07-03 00:00:00 UTC,1.4649542470615138,1357820193.8427541,46034134.20359475
2023-07-04 00:00:00 UTC,1.4531058867305995,1347971686.2626233,57505144.9827579
2023-07-05 00:00:00 UTC,1.3990801785963756,1302905813.6008933,44059223.969905496
2023-07-06 00:00:00 UTC,1.352059416278765,1258878729.0796359,47453636.65462909
2023-07-07 00:00:00 UTC,1.3173957608301607,1224685675.7680902,41397150.02241083
2023-07-08 00:00:00 UTC,1.3301199953956826,1236168063.288072,41998526.79789664
2023-07-09 00:00:00 UTC,1.3842898588014043,1286172338.7240088,47492574.98442442
2023-07-10 00:00:00 UTC,1.3258572159588125,1231393811.1582184,40126683.596439704
2023-07-11 00:00:00 UTC,1.3284073024852965,1236038991.2929296,35351915.78346176
2023-07-12 00:00:00 UTC,1.3292812952390982,1237598875.5774636,29130099.927253906
2023-07-13 00:00:00 UTC,1.3317454810628022,1243370399.3107796,42418155.946175
2023-07-14 00:00:00 UTC,1.4658083477602,1362136766.4022834,97130929.11314312
2023-07-15 00:00:00 UTC,1.501629039259565,1399048782.4412599,163928982.41340932
2023-07-16 00:00:00 UTC,1.4900021073237117,1395331685.9254324,48848623.628512435
2023-07-17 00:00:00 UTC,1.4451538708543827,1351593075.2724862,47399304.72574433
2023-07-18 00:00:00 UTC,1.4961807020126925,1402027231.1838315,74011258.32489392
2023-07-19 00:00:00 UTC,1.4673193694043043,1372894436.8766716,68571841.06508033
2023-07-20 00:00:00 UTC,1.4666306920034933,1375380647.423887,61500991.10522919
2023-07-21 00:00:00 UTC,1.5243270685046386,1432151399.1652439,108000064.91206406
2023-07-22 00:00:00 UTC,1.4798503257647988,1389720129.9124725,54317612.412015416
2023-07-23 00:00:00 UTC,1.4369611061417857,1347653095.4356534,42230995.09259165
2023-07-24 00:00:00 UTC,1.4565572719642508,1369528793.1406493,42613568.075007334
2023-07-25 00:00:00 UTC,1.381138104404535,1299540031.6296275,65229195.21910376
2023-07-26 00:00:00 UTC,1.3479451702600593,1266571346.069018,55533523.718386546
2023-07-27 00:00:00 UTC,1.3653063096805718,1283629587.1783354,58239108.56522798
2023-07-28 00:00:00 UTC,1.378262022125731,1298714160.7341635,45543290.3551951
2023-07-29 00:00:00 UTC,1.3914156045661512,1310400176.7591658,35920812.75717889
2023-07-30 00:00:00 UTC,1.4066128372754358,1324008452.534299,27025026.186431937
2023-07-31 00:00:00 UTC,1.395658435534553,1314442484.2765906,44895365.291588545
2023-08-01 00:00:00 UTC,1.3694796695542584,1291122446.189238,42939036.53221575
2023-08-02 00:00:00 UTC,1.4099676485928383,1326873514.8913171,62046944.837117545
2023-08-03 00:00:00 UTC,1.3976518087687229,1317393998.257777,60000828.83016757
2023-08-04 00:00:00 UTC,1.3603365831659615,1283050067.2077873,53680852.4511768
2023-08-05 00:00:00 UTC,1.3397611844022645,1261802795.8951464,44012340.644232415
2023-08-06 00:00:00 UTC,1.3524158488141198,1272069971.5126436,33668602.268781275
2023-08-07 00:00:00 UTC,1.335206763140888,1255968025.8323553,38963348.062790215
2023-08-08 00:00:00 UTC,1.3363131463489926,1258045518.9224987,55981971.83825222
2023-08-09 00:00:00 UTC,1.3600717493245946,1281608817.3427763,49683429.360518605
2023-08-10 00:00:00 UTC,1.3492522383097738,1270839751.6918507,34101085.0439117
2023-08-11 00:00:00 UTC,1.3346922317533507,1257563799.4954305,34827562.78337143
2023-08-12 00:00:00 UTC,1.3325443301509208,1254354871.9160728,40776147.71941248
2023-08-13 00:00:00 UTC,1.3418066177043038,1264383462.2363045,49129524.56434445
2023-08-14 00:00:00 UTC,1.342448800341703,1263307974.8523474,42509510.87910912
2023-08-15 00:00:00 UTC,1.3343982538669812,1257993720.9579825,45717787.89825206
2023-08-16 00:00:00 UTC,1.280428454756329,1206401333.8715396,61057111.41956752
2023-08-17 00:00:00 UTC,1.2106036201458026,1140943764.2546742,77948058.1370364
2023-08-18 00:00:00 UTC,1.1158893596876542,1051759483.3725581,98829230.62600136
2023-08-19 00:00:00 UTC,1.141971389915887,1074595695.7513888,71763517.03499676
2023-08-20 00:00:00 UTC,1.1649488871087317,1095342853.2283316,49862991.1868447
2023-08-21 00:00:00 UTC,1.1678369780631181,1100375867.2103775,32124069.439210817
2023-08-22 00:00:00 UTC,1.1319921875054633,1066597935.3660513,50757333.03868919
2023-08-23 00:00:00 UTC,1.165870814268631,1096581516.9228451,71136554.53806947
2023-08-24 00:00:00 UTC,1.2101083387022824,1137723306.5986092,85566426.00863051
2023-08-25 00:00:00 UTC,1.1944693022919914,1123037131.0246394,54549780.0778925
2023-08-26 00:00:00 UTC,1.1893704947009658,1119344783.9890757,50296638.47344044
2023-08-27 00:00:00 UTC,1.1918643015274186,1121826756.1328871,39621966.65917452
2023-08-28 00:00:00 UTC,1.1770567035543094,1108125869.8833058,56725896.84685063
2023-08-29 00:00:00 UTC,1.1943355077104225,1124512863.5418422,44862958.012808956
2023-08-30 00:00:00 UTC,1.2250613515529263,1151946999.3930902,75693688.64842561
2023-08-31 00:00:00 UTC,1.2038875227997448,1134111331.4235015,46219058.41358019
2023-09-01 00:00:00 UTC,1.1540258247562172,1086021960.792235,55239640.86489901
2023-09-02 00:00:00 UTC,1.1284879034600148,1063755571.0285122,62379547.32235061
2023-09-03 00:00:00 UTC,1.1203297115306998,1054526128.574622,41880882.858199485
2023-09-04 00:00:00 UTC,1.1266947480466658,1060761954.8914433,39326103.358483665
2023-09-05 00:00:00 UTC,1.126528181242799,1061402452.2624182,62971879.41692134
2023-09-06 00:00:00 UTC,1.127638719336843,1061518921.2488657,48680220.18403978
2023-09-07 00:00:00 UTC,1.1297984325628416,1063186821.7556117,51119590.34443203
2023-09-08 00:00:00 UTC,1.1522666312755363,1084779382.3895738,59269418.85645623
2023-09-09 00:00:00 UTC,1.151551089963452,1083922800.245243,37186441.68702227
2023-09-10 00:00:00 UTC,1.1651920636710176,1097942568.3736756,33353804.09905311
2023-09-11 00:00:00 UTC,1.1517226335881405,1084685216.159742,54982384.7141879
2023-09-12 00:00:00 UTC,1.100674460767671,1035619599.740595,65608260.27471263
2023-09-13 00:00:00 UTC,1.07061659795607,1006867159.1018858,69010844.86634226
2023-09-14 00:00:00 UTC,1.0904214804170727,1026793708.4979604,44855351.951925464
2023-09-15 00:00:00 UTC,1.1066655361761528,1042294721.7210003,39658309.02478346
2023-09-16 00:00:00 UTC,1.1293413269440815,1061683587.4684976,44162007.22105786
2023-09-17 00:00:00 UTC,1.1292446294000693,1063509288.0848811,30757199.993229315
2023-09-18 00:00:00 UTC,1.0956942862497006,1029493931.9597315,31669896.94467122
2023-09-19 00:00:00 UTC,1.0983583349406796,1035539530.7608548,53026518.52669977
2023-09-20 00:00:00 UTC,1.1215452520649638,1055291404.7523564,43282340.43247604
2023-09-21 00:00:00 UTC,1.1209449209166467,1057153921.2021649,44996467.18349411
2023-09-22 00:00:00 UTC,1.1245948324851682,1060139788.4907373,67720582.66350563
2023-09-23 00:00:00 UTC,1.1212987503074328,1056440711.0953228,40995012.085961744
2023-09-24 00:00:00 UTC,1.1153043862296232,1050074419.4573339,26209679.449711412
2023-09-25 00:00:00 UTC,1.0938115819356755,1030913132.476147,27031877.5314314
2023-09-26 00:00:00 UTC,1.1011184861991457,1036304492.4840629,34749937.78899371
2023-09-27 00:00:00 UTC,1.078907766482323,1017040808.9033202,38208733.43822308
2023-09-28 00:00:00 UTC,1.0756741364905313,1012629349.9766976,40075263.556027524
2023-09-29 00:00:00 UTC,1.1068470361423417,1042846116.1934476,38058324.21330739
2023-09-30 00:00:00 UTC,1.1216727998518015,1079896481.161727,42313545.16485884
2023-10-01 00:00:00 UTC,1.1330978261072995,1105738348.1863058,35442024.7449408
2023-10-02 00:00:00 UTC,1.1605017348079156,1132759483.2048707,42704340.93269149
2023-10-03 00:00:00 UTC,1.1162086893226257,1089090666.5108397,54633380.067279465
2023-10-04 00:00:00 UTC,1.098753253964924,1073159879.8413148,50536109.2967482
2023-10-05 00:00:00 UTC,1.0986443303433064,1073852234.8810687,53988278.660456605
2023-10-06 00:00:00 UTC,1.0729342986334054,1048261794.556485,46948632.81817808
2023-10-07 00:00:00 UTC,1.093393379299722,1068105104.3926467,36754876.87952016
2023-10-08 00:00:00 UTC,1.0911386527858578,1066253031.5328536,29439184.639388964
2023-10-09 00:00:00 UTC,1.0940389270855275,1069890578.2957777,27071453.90018154
2023-10-10 00:00:00 UTC,1.04066369419286,1017524482.5274137,47569402.726716734
2023-10-11 00:00:00 UTC,1.0437003770760838,1021821606.9053947,30337905.969253346
2023-10-12 00:00:00 UTC,1.0271533352702285,1006213114.3393307,39435113.65852465
2023-10-13 00:00:00 UTC,1.0105700084339917,990768018.5191438,46776840.69249459
2023-10-14 00:00:00 UTC,1.0081561856037262,988012651.6567991,60589730.168623336
2023-10-15 00:00:00 UTC,1.0107354723970765,992395007.2601893,26663523.248709578
2023-10-16 00:00:00 UTC,1.0250604205866454,1009948531.0946342,31634676.236928277
2023-10-17 00:00:00 UTC,1.0344302255969744,1020801875.481958,47630046.98758098
2023-10-18 00:00:00 UTC,1.0083600957486183,995199531.1171291,39859404.06017293
2023-10-19 00:00:00 UTC,0.9994736038921973,985834767.3026289,30709910.954633035
2023-10-20 00:00:00 UTC,0.9867185021762827,972572106.5945309,38576026.927426465
2023-10-21 00:00:00 UTC,1.0049819232211068,992276716.5509361,45684396.508497745
2023-10-22 00:00:00 UTC,1.0403658043352624,1027474141.1300052,44852022.13828909
2023-10-23 00:00:00 UTC,1.0549890308915615,1032196728.0684285,49131294.97990881
2023-10-24 00:00:00 UTC,1.0975829843314528,1079551665.4701703,96412433.6643745
2023-10-25 00:00:00 UTC,1.1360450824039912,1122553149.1822574,142884482.0403923
2023-10-26 00:00:00 UTC,1.1415086813196647,1127445944.9710748,92815781.27456659
2023-10-27 00:00:00 UTC,1.1910005683947087,1175837192.2587183,134752717.61588824
2023-10-28 00:00:00 UTC,1.2220228945603995,1209165247.8573036,113374653.97427243
2023-10-29 00:00:00 UTC,1.218173940956186,1204395171.0246081,72645276.83189821
2023-10-30 00:00:00 UTC,1.2685474136083104,1254285653.2071927,66375324.63967205
2023-10-31 00:00:00 UTC,1.3233187938543378,1310092902.6207225,96484639.20946932
2023-11-01 00:00:00 UTC,1.3345566694027111,1320222419.9292283,112275020.2002452
2023-11-02 00:00:00 UTC,1.5278310293236201,1515535402.8723032,306844649.29592365
2023-11-03 00:00:00 UTC,1.5213144330040391,1511835537.1531901,247417724.90305617
2023-11-04 00:00:00 UTC,1.476813960188862,1462496011.3634965,146437993.75333437
2023-11-05 00:00:00 UTC,1.5129514269231614,1501505478.4445994,88520753.10911064
2023-11-06 00:00:00 UTC,1.6366017918897846,1625993447.9369268,202033420.39315274
2023-11-07 00:00:00 UTC,1.5823092874454332,1568045958.9516683,152267786.24022803
2023-11-08 00:00:00 UTC,1.4469009890778644,1436787696.4111977,158411311.0448276
2023-11-09 00:00:00 UTC,1.4778289598794387,1466240424.6525981,120683039.86230856
2023-11-10 00:00:00 UTC,1.4366416593445797,1424541544.4566212,246177617.66443306
2023-11-11 00:00:00 UTC,1.5537884001855216,1545642518.9071112,189164628.78928873
2023-11-12 00:00:00 UTC,1.6010370770478926,1589824725.505222,235209122.99458525
2023-11-13 00:00:00 UTC,1.6975446115305213,1685116078.316302,309571072.8591125
2023-11-14 00:00:00 UTC,1.5930909300986467,1589751830.5822988,272049548.35037374
2023-11-15 00:00:00 UTC,1.5384940732333297,1536719935.9293218,195713365.6175873
2023-11-16 00:00:00 UTC,1.7037471575786314,1701302044.4719794,230390260.62610516
2023-11-17 00:00:00 UTC,1.7212744591405518,1708142469.5476847,320480207.8635198
2023-11-18 00:00:00 UTC,1.8640205439707567,1864454220.0215495,403097812.7692652
2023-11-19 00:00:00 UTC,1.7701133108275038,1769480363.8226473,212660015.57434446
2023-11-20 00:00:00 UTC,1.982361950564304,1989190316.7093499,270676039.0888568
2023-11-21 00:00:00 UTC,1.9945088174027863,1993933314.9242475,414953817.9357773
2023-11-22 00:00:00 UTC,1.768291175257677,1768594672.93518,300455528.8702731
2023-11-23 00:00:00 UTC,1.8253677714258638,1829102561.4207683,239486245.79936454
2023-11-24 00:00:00 UTC,1.8064165751654881,1808317094.333818,186313368.71450347
2023-11-25 00:00:00 UTC,1.836434799383084,1838849366.3341656,152013464.82558486
2023-11-26 00:00:00 UTC,1.886216118397695,1890471520.3923194,174563416.44912603
2023-11-27 00:00:00 UTC,1.8290396589454478,1833446002.0533524,106502462.98735514
2023-11-28 00:00:00 UTC,1.7840121498835229,1788481964.9444985,111076035.2910999
2023-11-29 00:00:00 UTC,1.817542026460734,1819282613.7220068,108110729.93391527
2023-11-30 00:00:00 UTC,1.7958678369298258,1803448077.6298418,107703416.65594113
2023-12-01 00:00:00 UTC,1.8830438130859586,1892544714.0009441,132217294.4666541
2023-12-02 00:00:00 UTC,1.8927643071318292,1898856626.6294491,97286005.21354142
2023-12-03 00:00:00 UTC,2.01146800002478,2022818822.6598654,144363871.3431025
2023-12-04 00:00:00 UTC,1.9819580053007764,1988610475.9433577,131475739.19518992
2023-12-05 00:00:00 UTC,2.140447201774449,2148978518.7739553,351475503.0789726
2023-12-06 00:00:00 UTC,2.2522608975139864,2261425303.438978,305016862.2586094
2023-12-07 00:00:00 UTC,2.2886149263720506,2300548448.78405,274831455.77942663
2023-12-08 00:00:00 UTC,2.2689673802817873,2276298207.435675,197613102.29547277
2023-12-09 00:00:00 UTC,2.3855268926966953,2397279366.4158435,238308644.98360792
2023-12-10 00:00:00 UTC,2.425117699190685,2437663442.0098643,363130847.73394567
2023-12-11 00:00:00 UTC,2.5179364314054244,2525699284.1666417,204745575.93266198
2023-12-12 00:00:00 UTC,2.234419353805225,2243807835.3999343,330444285.63098806
2023-12-13 00:00:00 UTC,2.3005216150408887,2313585211.2905645,301171867.26771283
2023-12-14 00:00:00 UTC,2.32456351971392,2336589733.9530525,217474792.16831148
2023-12-15 00:00:00 UTC,2.3224827990818633,2330077287.2550364,191020983.24010274
2023-12-16 00:00:00 UTC,2.188881803201342,2203143026.0786734,168172049.7667564
2023-12-17 00:00:00 UTC,2.368132544582986,2374739009.418782,222419621.19687787
2023-12-18 00:00:00 UTC,2.2698739316893146,2281190455.964417,171769928.3631406
2023-12-19 00:00:00 UTC,2.2839009558083214,2292650828.3722954,181517804.1651995
2023-12-20 00:00:00 UTC,2.4353844424161086,2449091717.127253,269942648.7337021
2023-12-21 00:00:00 UTC,2.8421940734571747,2857690033.638233,777591295.0529753
2023-12-22 00:00:00 UTC,3.518222963000385,3539505143.219561,899021618.3996297
2023-12-23 00:00:00 UTC,3.363071014097623,3379765805.7106824,530240622.99694407
2023-12-24 00:00:00 UTC,3.8939489657916617,3942922346.1682878,448883604.19477546
2023-12-25 00:00:00 UTC,3.8071865230160955,3843869526.9677715,517223225.0548935
2023-12-26 00:00:00 UTC,4.252703837212196,4294362346.936946,589900374.9258125
2023-12-27 00:00:00 UTC,4.301049223849556,4335408619.892672,697973536.8710345
2023-12-28 00:00:00 UTC,4.089891178104164,4125149509.1201706,389824866.4794786
2023-12-29 00:00:00 UTC,3.7704801022559877,3828350714.9593735,381772427.38775104
2023-12-30 00:00:00 UTC,3.6172116117083095,3660830985.9450393,344927601.4451701
2023-12-31 00:00:00 UTC,3.674086479842281,3725434846.57785,216551592.4632074
2024-01-01 00:00:00 UTC,3.6542583396598722,3712795430.452934,228203096.31918788
2024-01-02 00:00:00 UTC,3.803028617389033,3857551670.361926,221272075.27020785
2024-01-03 00:00:00 UTC,3.930075578247149,3969543708.894373,666326152.436715
2024-01-04 00:00:00 UTC,3.766012711247368,3809963031.2898383,530653159.34568876
2024-01-05 00:00:00 UTC,3.914524626004788,3966483668.7547016,357112513.07999265
2024-01-06 00:00:00 UTC,3.532050718971058,3578657137.2586474,268216847.25445426
2024-01-07 00:00:00 UTC,3.4717576192688058,3518558295.647381,292782013.4608746
2024-01-08 00:00:00 UTC,3.198391108808909,3234030670.311878,178864306.0176548
2024-01-09 00:00:00 UTC,3.402967482915687,3455817992.982965,306492568.79407483
2024-01-10 00:00:00 UTC,3.2099530287496836,3246512892.4808745,295567435.95422304
2024-01-11 00:00:00 UTC,3.580465230725089,3619863718.4059134,301390720.14227456
2024-01-12 00:00:00 UTC,3.6192184367481004,3670734122.966956,394101438.72444236
2024-01-13 00:00:00 UTC,3.454010893861743,3496369607.6210127,290006518.8650933
2024-01-14 00:00:00 UTC,3.4052249765982068,3450641963.159819,150451594.3196915
2024-01-15 00:00:00 UTC,3.3162471087191547,3373130864.503635,160610018.14846975
2024-01-16 00:00:00 UTC,3.3049641283964104,3354737201.2532706,152656114.27612475
2024-01-17 00:00:00 UTC,3.235939270177424,3289720113.7616067,172912192.54784057
2024-01-18 00:00:00 UTC,3.293226977313875,3381527733.360147,181255138.42013738
2024-01-19 00:00:00 UTC,3.0726386208369596,3159079756.707757,197050328.11487532
2024-01-20 00:00:00 UTC,2.9996326936894846,3082827935.1206594,188646061.10009167
2024-01-21 00:00:00 UTC,2.95084541508977,3034252646.9109573,106448511.46965308
2024-01-22 00:00:00 UTC,2.920117477974771,3018370101.22002,102769748.00772107
2024-01-23 00:00:00 UTC,2.6439636797548003,2712573996.201498,219136584.59758937
2024-01-24 00:00:00 UTC,2.6482844661795726,2711420747.7238116,215385831.9264834
2024-01-25 00:00:00 UTC,2.679919161876613,2761654956.435331,214245516.03048888
2024-01-26 00:00:00 UTC,2.698132025562484,2773930209.5970144,143718067.0126022
2024-01-27 00:00:00 UTC,2.9217033357452284,3002637760.567045,279366721.042695
2024-01-28 00:00:00 UTC,2.908709629467878,2988857940.2865276,146985911.72696456
2024-01-29 00:00:00 UTC,2.88128785878354,2972386454.8983665,224910220.9918375
2024-01-30 00:00:00 UTC,3.0071871043975196,3101713686.0245695,180477563.47708943
2024-01-31 00:00:00 UTC,3.0078945817064753,3096715687.893925,302444222.53476363
2024-02-01 00:00:00 UTC,2.820829413612736,2907005500.921479,214051257.52621228
2024-02-02 00:00:00 UTC,2.851925377994672,2940951585.146965,165535029.66932815
2024-02-03 00:00:00 UTC,2.9009510383723565,2994193245.7744427,156492650.87893206
2024-02-04 00:00:00 UTC,2.8143487694555787,2901224803.757049,92552628.5904065
2024-02-05 00:00:00 UTC,2.7553191354265087,2843564833.6323175,81790116.97156489
2024-02-06 00:00:00 UTC,2.7467555984536305,2835121784.5309134,108569818.17389876
2024-02-07 00:00:00 UTC,2.7349091460663355,2824504335.1276865,112554835.1510553
2024-02-08 00:00:00 UTC,2.8636535922425352,2957225991.0757756,136404795.54826787
2024-02-09 00:00:00 UTC,2.927361983027836,3029367136.9267974,189661109.90335143
2024-02-10 00:00:00 UTC,2.9939083620385007,3104222500.359928,236192068.08280665
2024-02-11 00:00:00 UTC,3.046725194772567,3151255404.3620534,188591182.09562278
2024-02-12 00:00:00 UTC,3.119912606709805,3225954005.6010575,249209184.71959713
2024-02-13 00:00:00 UTC,3.3943535960319755,3508340759.071485,430806355.32861704
2024-02-14 00:00:00 UTC,3.2181223550245,3338125118.6100297,248781972.3232426
2024-02-15 00:00:00 UTC,3.333412685318279,3466505080.016561,248086083.9798841
2024-02-16 00:00:00 UTC,3.3869650781047786,3514714444.8256574,239130231.42515808
2024-02-17 00:00:00 UTC,3.284490613791471,3416310831.677436,246603988.2685908
2024-02-18 00:00:00 UTC,3.3321882784130388,3474004376.991269,143995283.33615822
2024-02-19 00:00:00 UTC,3.512651470796397,3653752566.128618,276414703.6531602
2024-02-20 00:00:00 UTC,3.5366584986311946,3674832668.44517,287727122.70214057
2024-02-21 00:00:00 UTC,3.4034497756349276,3537754243.0177374,284212964.8647091
2024-02-22 00:00:00 UTC,3.239037262360886,3369589587.1924906,219503391.38131523
2024-02-23 00:00:00 UTC,3.2504068980618435,3378781233.2698,195239598.77926078
2024-02-24 00:00:00 UTC,3.366054054336958,3513141981.4404325,239925353.6039736
2024-02-25 00:00:00 UTC,3.8552663577135196,4001882768.8233857,475407412.82209563
2024-02-26 00:00:00 UTC,3.7095121498175896,3853776441.955305,286723197.8514716
2024-02-27 00:00:00 UTC,4.094397328068344,4254965033.3672967,621735366.5010785
2024-02-28 00:00:00 UTC,3.965721392461687,4114679598.374281,366633200.1719762
2024-02-29 00:00:00 UTC,3.88340589769446,4035241762.9697223,486564623.0365646
2024-03-01 00:00:00 UTC,3.8686558772585737,4033499814.5773935,373339117.1286404
2024-03-02 00:00:00 UTC,3.9538898103642266,4108209059.125723,310172422.32662654
2024-03-03 00:00:00 UTC,4.451860095617021,4616794946.332359,467288250.54224473
2024-03-04 00:00:00 UTC,4.42352204486953,4582921994.529841,454880653.5487504
2024-03-05 00:00:00 UTC,4.346338841428037,4522113087.246162,548556020.2177829
2024-03-06 00:00:00 UTC,4.273295433972938,4415426571.576805,714821845.4742526
2024-03-07 00:00:00 UTC,5.8463939652913455,6052196290.645202,1252448453.5941615
2024-03-08 00:00:00 UTC,5.528385203614067,5743429286.098963,888898860.2033571
2024-03-09 00:00:00 UTC,5.747672532036103,5963811270.978079,684275040.3416055
2024-03-10 00:00:00 UTC,6.22192554071648,6452583271.053504,704367376.7212219
2024-03-11 00:00:00 UTC,5.958380373518584,6182036584.269601,452831757.7622666
2024-03-12 00:00:00 UTC,6.664863848152107,6934285012.451707,1074772458.6408563
2024-03-13 00:00:00 UTC,7.981477607528949,8249149988.241983,1069434445.2125118
2024-03-14 00:00:00 UTC,7.760534360870983,8059358124.26232,879519481.5212272
2024-03-15 00:00:00 UTC,8.815939885339905,9155794330.016031,1214276631.9329572
2024-03-16 00:00:00 UTC,7.496166193535242,7779684627.580874,1540743963.0091062
2024-03-17 00:00:00 UTC,6.720908763828936,6991675653.008676,1005049964.5065994
2024-03-18 00:00:00 UTC,8.170118499930599,8471929770.746487,1083381810.941999
2024-03-19 00:00:00 UTC,7.014727714066287,7288233766.22852,1215749791.4538698
2024-03-20 00:00:00 UTC,6.362292132576059,6619985308.181377,1009291195.0861512
2024-03-21 00:00:00 UTC,6.889909321545317,7161398733.67246,911808769.1317607
2024-03-22 00:00:00 UTC,6.459194784758364,6716254744.708106,553187016.9614502
2024-03-23 00:00:00 UTC,6.455836406081842,6695040045.943986,547373733.2745934
2024-03-24 00:00:00 UTC,6.643301763055092,6903928711.736258,331234063.9214241
2024-03-25 00:00:00 UTC,6.96338581399405,7249259466.297204,327403352.9248098
2024-03-26 00:00:00 UTC,7.457378920724676,7726676582.463813,708593634.0486137
2024-03-27 00:00:00 UTC,7.666950967097799,7945106559.039807,790317704.7860757
2024-03-28 00:00:00 UTC,7.262033292846478,7518465062.152776,607114832.8538024
2024-03-29 00:00:00 UTC,7.195891177427947,7486486966.92346,334315169.97049105
2024-03-30 00:00:00 UTC,6.974549807356955,7246703217.694491,266215596.23443294
2024-03-31 00:00:00 UTC,6.9451635839667984,7213643004.239351,275193665.4865618
2024-04-01 00:00:00 UTC,7.279970934850343,7566825900.917762,271132385.01328987
2024-04-02 00:00:00 UTC,6.7665352736597075,7052479322.476285,385721906.30970114
2024-04-03 00:00:00 UTC,6.223525631093644,6474688326.138089,401659692.3769642
2024-04-04 00:00:00 UTC,6.623158689194412,6893085210.022876,562718887.6043307
2024-04-05 00:00:00 UTC,6.7250594887891575,6976455087.45736,485949729.39557153
2024-04-06 00:00:00 UTC,7.22504583200306,7657124103.69563,873330446.8767807
2024-04-07 00:00:00 UTC,7.021177438278128,7455262279.920818,417722173.4418402
2024-04-08 00:00:00 UTC,6.914666014170871,7333558113.463196,336507115.8436807
2024-04-09 00:00:00 UTC,7.356203795562418,7794965704.623861,686172924.7172877
2024-04-10 00:00:00 UTC,7.207719014626063,7666035366.679334,702294682.643809
2024-04-11 00:00:00 UTC,6.980439934708891,7410008908.379449,513994082.8097147
2024-04-12 00:00:00 UTC,6.812157466897085,7227701092.508442,481009265.74062854
2024-04-13 00:00:00 UTC,5.795806434828134,6150009657.946474,817386721.8442881
2024-04-14 00:00:00 UTC,5.251545408612759,5602750108.675998,1380899956.896493
2024-04-15 00:00:00 UTC,5.702620436557347,6083470311.467682,1036456266.6333894
2024-04-16 00:00:00 UTC,5.2224768705826605,5558608466.050918,736864746.6551554
2024-04-17 00:00:00 UTC,5.49721203490012,5863719014.900907,738789351.4884441
2024-04-18 00:00:00 UTC,5.425328645157629,5785963725.278858,682477469.0628275
2024-04-19 00:00:00 UTC,5.703475180579413,6093254420.033834,609164464.2483991
2024-04-20 00:00:00 UTC,5.601417872860398,5963237145.885643,553423505.3141086
2024-04-21 00:00:00 UTC,6.213206921609371,6612415802.474115,377151730.8254417
2024-04-22 00:00:00 UTC,6.437668973275429,6854018818.156594,393176178.22701705
2024-04-23 00:00:00 UTC,7.0276796227964695,7486378935.930802,633393354.9005635
2024-04-24 00:00:00 UTC,6.894958700241025,7349190217.481511,450258073.513238
2024-04-25 00:00:00 UTC,6.881542756570473,7301623533.162544,670159720.5005871
2024-04-26 00:00:00 UTC,7.14887211273682,7617092738.496791,657589920.0900425
2024-04-27 00:00:00 UTC,6.919639661948218,7380919803.145199,679171423.8277428
2024-04-28 00:00:00 UTC,7.172017240693182,7664327096.39977,875088458.2389599
2024-04-29 00:00:00 UTC,7.05171765726504,7529757488.525052,440683805.2449751
2024-04-30 00:00:00 UTC,6.867665090237169,7338690970.372146,379151312.22684836
2024-05-01 00:00:00 UTC,6.1811852795240645,6629602145.156834,538298107.7846283
2024-05-02 00:00:00 UTC,6.155353617878096,6580570902.7340555,593103627.0825396
2024-05-03 00:00:00 UTC,6.0909167652561464,6504058241.936792,404232037.87298614
2024-05-04 00:00:00 UTC,6.875174402685498,7352239262.549602,433207151.88936496
2024-05-05 00:00:00 UTC,6.877598440591132,7365546000.305231,309356348.41741353
2024-05-06 00:00:00 UTC,7.488788481436134,7975690012.4413595,437139392.0420356
2024-05-07 00:00:00 UTC,7.310010309233275,7827256061.689949,533219739.81978023
2024-05-08 00:00:00 UTC,7.131611501563608,7650083210.380479,599435440.3587272
2024-05-09 00:00:00 UTC,6.829579324779596,7305878924.441791,395446924.61290544
2024-05-10 00:00:00 UTC,7.468631164158782,7987655829.8918295,473428274.9580923
2024-05-11 00:00:00 UTC,7.272388190320027,7756855048.817468,517645658.37308174
2024-05-12 00:00:00 UTC,7.013119712929726,7516262649.732277,295156156.50888896
2024-05-13 00:00:00 UTC,6.887879195838985,7375887908.963699,201364206.52106944
2024-05-14 00:00:00 UTC,7.270537654852623,7792087093.482327,499603102.97031796
2024-05-15 00:00:00 UTC,7.021420516681769,7553462102.885522,464356003.7403424
2024-05-16 00:00:00 UTC,8.043095886103877,8688228609.151758,737341677.3850522
2024-05-17 00:00:00 UTC,8.015337292089766,8644075277.114164,616357735.9205587
2024-05-18 00:00:00 UTC,8.043907006742579,8650079561.211725,569181441.9572744
2024-05-19 00:00:00 UTC,7.920930782380168,9134546589.393766,279752233.12540054
2024-05-20 00:00:00 UTC,7.788646224437316,8388458332.58052,286750168.84470165
2024-05-21 00:00:00 UTC,8.275441668918424,8909869547.513758,618299556.7766798
2024-05-22 00:00:00 UTC,7.8166511818032065,8453903420.372875,612314584.4261903
2024-05-23 00:00:00 UTC,7.9730943711409825,8599642999.976686,703577876.1152372
2024-05-24 00:00:00 UTC,7.686948428863904,8296691644.698925,802410156.4663652
2024-05-25 00:00:00 UTC,7.905798662020202,8544188136.112618,512875153.5950932
2024-05-26 00:00:00 UTC,8.202869335577583,8835045331.08141,400936672.98137623
2024-05-27 00:00:00 UTC,7.802987212655486,8447471165.065526,406882590.66417474
2024-05-28 00:00:00 UTC,7.812369793912107,8424686878.530043,447327419.28440005
2024-05-29 00:00:00 UTC,7.706331725480357,8326732948.498296,524880245.5189356
2024-05-30 00:00:00 UTC,7.568039430292198,8187669048.929169,290878011.27409357
2024-05-31 00:00:00 UTC,7.285282781195592,7872822127.585438,307390001.9907073
2024-06-01 00:00:00 UTC,7.253502159777482,7860058543.051555,285550541.44541276
2024-06-02 00:00:00 UTC,7.369172594759266,7955048464.188785,158792516.07692856
2024-06-03 00:00:00 UTC,7.187356898352766,7780366592.8543825,210391135.21842617
2024-06-04 00:00:00 UTC,7.118196268833884,7693986407.91639,220859162.11540845
2024-06-05 00:00:00 UTC,7.42548642718484,8039126851.447723,244306740.38865185
2024-06-06 00:00:00 UTC,7.660888961799466,8290102111.49263,245684381.40192828
2024-06-07 00:00:00 UTC,7.3400250547679615,7943561846.653679,192898148.21909648
2024-06-08 00:00:00 UTC,6.880938620213867,7464391566.776935,441774572.021786
2024-06-09 00:00:00 UTC,6.570917546857456,7115131331.473007,219246288.3433793
2024-06-10 00:00:00 UTC,6.593388527244716,7143768079.417922,222984340.5903883
2024-06-11 00:00:00 UTC,6.392628371499576,6926962485.788811,292309028.29635
2024-06-12 00:00:00 UTC,6.065993440449659,6570981506.197857,369793223.8279323
2024-06-13 00:00:00 UTC,6.394021116712804,6922650893.216093,444712118.8355676
2024-06-14 00:00:00 UTC,5.910628180317743,6431903600.993085,309288787.65507656
2024-06-15 00:00:00 UTC,5.579389909311242,6076921509.377908,354697620.2712016
2024-06-16 00:00:00 UTC,5.600614471712177,6094960233.149306,168499811.13557985
2024-06-17 00:00:00 UTC,5.640006550323531,6132727898.159101,159478571.49974245
2024-06-18 00:00:00 UTC,5.159026461629347,5606865725.779024,361379722.02453274
2024-06-19 00:00:00 UTC,4.730083979932092,5133910359.3801775,547011693.4995338
2024-06-20 00:00:00 UTC,4.953841351085146,5390004723.36587,299205157.07971483
2024-06-21 00:00:00 UTC,5.157588908692236,5622001417.309965,479094437.3808494
2024-06-22 00:00:00 UTC,5.40715397330504,5895769356.865034,396908425.41629636
2024-06-23 00:00:00 UTC,5.172866304874715,5631677272.146017,189249847.50727838
2024-06-24 00:00:00 UTC,5.182797607373863,5634675299.2378,235037707.86079514
2024-06-25 00:00:00 UTC,5.3824064471172886,5858385105.069687,602837067.9385713
2024-06-26 00:00:00 UTC,5.416039133549963,5908536129.429429,307297347.034661
2024-06-27 00:00:00 UTC,5.169087676941801,5642927402.660389,218207977.00614738
2024-06-28 00:00:00 UTC,5.209596875145578,5697524116.386887,235023419.39748606
2024-06-29 00:00:00 UTC,4.957402611086128,5412243817.099397,235224419.46431854
2024-06-30 00:00:00 UTC,4.950670915906555,5409982370.707967,134196596.7130597
2024-07-01 00:00:00 UTC,5.30228033013141,5791122702.350129,214501929.51063663
2024-07-02 00:00:00 UTC,5.257388712161778,5750629266.257019,198301736.04425547
2024-07-03 00:00:00 UTC,5.508653356360621,6032737838.255496,274797135.97786266
2024-07-04 00:00:00 UTC,5.034115439934857,5500141767.9169855,275463527.1032972
2024-07-05 00:00:00 UTC,4.635634040532694,5094079317.890572,374657503.61254084
2024-07-06 00:00:00 UTC,4.415373779031634,4831663256.451976,617024531.978339
2024-07-07 00:00:00 UTC,4.814942255828223,5268462917.915334,220069036.54076508
2024-07-08 00:00:00 UTC,4.400622751336271,4800083913.878786,213033806.3537467
2024-07-09 00:00:00 UTC,4.475334282929276,4900495522.781779,375096741.95831245
2024-07-10 00:00:00 UTC,4.527306835354065,4967702111.713391,286329153.2555143
2024-07-11 00:00:00 UTC,4.624995806243065,5077468108.831404,223865876.42325175
2024-07-12 00:00:00 UTC,4.929987002309093,5405643900.658486,316267847.4062223
2024-07-13 00:00:00 UTC,5.18091558392984,5883513793.065985,301749703.17434657
2024-07-14 00:00:00 UTC,5.206457149215905,5727996842.583777,171265577.53664497
2024-07-15 00:00:00 UTC,5.405256780791149,5975290200.774332,244023242.9728678
2024-07-16 00:00:00 UTC,5.924429135913468,6511137462.18788,362419090.161677
2024-07-17 00:00:00 UTC,6.249073311235653,6884317105.215007,542268765.0426763
2024-07-18 00:00:00 UTC,6.070336511847082,6709517607.2445,369164947.3356753
2024-07-19 00:00:00 UTC,6.0338143984846,6655956005.646794,287712729.3832687
2024-07-20 00:00:00 UTC,6.434409734822292,7099863935.656575,396584846.1953063
2024-07-21 00:00:00 UTC,6.2914018983521744,6944170630.006739,189678345.0340571
2024-07-22 00:00:00 UTC,6.328218735835256,6962407845.777143,310542970.13990307
2024-07-23 00:00:00 UTC,6.04052884970355,6657674020.612559,295238574.8711269
2024-07-24 00:00:00 UTC,5.7694450216571385,6374913941.88684,248235520.5603271
2024-07-25 00:00:00 UTC,5.60551002561346,6190024991.14078,236203162.16901496
2024-07-26 00:00:00 UTC,5.419281003541149,5985162967.033665,349311186.3955501
2024-07-27 00:00:00 UTC,5.728954189102012,6339447377.1433325,228263532.15175527
2024-07-28 00:00:00 UTC,5.684497063950156,6292377293.459849,251677133.6376584
2024-07-29 00:00:00 UTC,5.445970378194876,6019637502.457678,159298516.39127344
2024-07-30 00:00:00 UTC,5.271461067662905,5844180192.616737,252534602.36025894
2024-07-31 00:00:00 UTC,5.151616508042411,5705233121.506074,172603091.2872681
2024-08-01 00:00:00 UTC,4.996300472016383,5531810566.456713,200767949.2908166
2024-08-02 00:00:00 UTC,4.979405717334493,5510368342.586721,279422921.0298179
2024-08-03 00:00:00 UTC,4.59713861147477,5089866009.631554,282660102.7839785
2024-08-04 00:00:00 UTC,4.368394406273223,4835727912.698714,236046217.64838624
2024-08-05 00:00:00 UTC,4.128519486334803,4582705507.565492,252108280.66976383
2024-08-06 00:00:00 UTC,3.526233311031531,3909015237.8373027,890660760.305071
2024-08-07 00:00:00 UTC,3.6661569080926815,4061337189.1282444,358900212.4443224
2024-08-08 00:00:00 UTC,3.5709686658605855,3967663541.8223076,278757206.15322787
2024-08-09 00:00:00 UTC,4.0693446877600845,4505502434.928801,295381419.38668346
2024-08-10 00:00:00 UTC,4.05370038722795,4487977941.10703,226421990.9418147
2024-08-11 00:00:00 UTC,4.16877606587299,4618668611.829165,182177981.31791374
2024-08-12 00:00:00 UTC,3.8642086112555196,4278379602.3599544,208966939.46994558
2024-08-13 00:00:00 UTC,4.114146789225971,4535054330.953019,221672842.978013
2024-08-14 00:00:00 UTC,4.31483558357616,4776508736.489417,246112182.41917703
2024-08-15 00:00:00 UTC,4.166011164710542,4611212446.347501,193291267.8819328
2024-08-16 00:00:00 UTC,4.026400953479534,4457955934.3956995,198020147.61287612
2024-08-17 00:00:00 UTC,3.968211133150421,4393634146.563264,177381599.52646068
2024-08-18 00:00:00 UTC,3.9862538013044055,4414230970.153281,103078312.041149
2024-08-19 00:00:00 UTC,3.902990597533656,4324541942.395138,112980215.07045157
2024-08-20 00:00:00 UTC,4.001426347904699,4434513514.90128,145657609.38905412
2024-08-21 00:00:00 UTC,4.003351900340984,4433527404.29862,158705471.1114666
2024-08-22 00:00:00 UTC,4.239100262432522,4694763602.464815,225397179.86827722
2024-08-23 00:00:00 UTC,4.300735289705485,4754461745.4258795,186043297.4170986
2024-08-24 00:00:00 UTC,4.830584441354943,5347765517.388537,389611485.10846376
2024-08-25 00:00:00 UTC,5.047905382036819,5568902713.703585,281002899.5881259
2024-08-26 00:00:00 UTC,4.9145655434867965,5449456192.522666,238795043.76780447
2024-08-27 00:00:00 UTC,4.778894120060637,5294066232.460244,253052137.47015002
2024-08-28 00:00:00 UTC,4.52763276052687,5020575469.334733,335487296.92182577
2024-08-29 00:00:00 UTC,4.34600186149633,4840039143.386664,370534663.90721166
2024-08-30 00:00:00 UTC,4.212247045837649,4662964258.352966,240435918.70255917
2024-08-31 00:00:00 UTC,4.1196697256179045,4562169734.234076,236297239.20286134
2024-09-01 00:00:00 UTC,4.036174295449884,4468091040.251119,138218693.2137028
2024-09-02 00:00:00 UTC,3.853097480256201,4265915853.3233004,178220668.55245742
2024-09-03 00:00:00 UTC,3.989393917990474,4416987565.300985,195971058.49983445
2024-09-04 00:00:00 UTC,3.719782675362257,4129801966.5570703,199184716.43397573
2024-09-05 00:00:00 UTC,3.885096058641772,4291513441.2618494,211096559.25843084
2024-09-06 00:00:00 UTC,3.7040934838381685,4106184939.937024,169509818.47969204
2024-09-07 00:00:00 UTC,3.545500923406473,3930553525.903181,248355022.4182166
2024-09-08 00:00:00 UTC,3.6602401306908794,4050638793.031235,154373685.45865688
2024-09-09 00:00:00 UTC,3.7485479195378124,4149115791.8605833,167575807.30158243
2024-09-10 00:00:00 UTC,4.0192010159025955,4457409012.19806,260553558.79049197
2024-09-11 00:00:00 UTC,4.042487572620123,4475777779.804889,175641192.59502932
2024-09-12 00:00:00 UTC,3.973362815097528,4402941265.529329,227654138.7718986
2024-09-13 00:00:00 UTC,4.252546445076893,4709306048.995818,301163658.4713598
2024-09-14 00:00:00 UTC,4.291263807658288,4748945567.515139,223334984.81405577
2024-09-15 00:00:00 UTC,4.194066666219857,4647748634.214499,132746568.72313099
2024-09-16 00:00:00 UTC,4.024748036087019,4454401899.102974,162205134.15412095
2024-09-17 00:00:00 UTC,3.8791415045052546,4295163307.994567,185239251.5011769
2024-09-18 00:00:00 UTC,4.130453614306738,4573260844.413329,289026631.0710906
2024-09-19 00:00:00 UTC,4.236871345876309,4670712228.02194,391147441.6086181
2024-09-20 00:00:00 UTC,4.369223605080805,4844003269.934899,482504189.70582056
2024-09-21 00:00:00 UTC,4.3802896267460785,4850075688.444522,403868058.2723943
2024-09-22 00:00:00 UTC,4.667764221187151,5168163211.171831,304399268.67903876
2024-09-23 00:00:00 UTC,4.52158214427476,5003166929.115171,360831376.31069595
2024-09-24 00:00:00 UTC,5.168537682843755,5706779489.481419,924737650.0923347
2024-09-25 00:00:00 UTC,5.353332927474311,5924680537.022204,642556616.7062374
2024-09-26 00:00:00 UTC,5.1458166755538315,5687655029.305322,407471766.5515864
2024-09-27 00:00:00 UTC,5.5534229866217055,6155986535.446259,704320352.2345498
2024-09-28 00:00:00 UTC,5.461138322105037,6048318941.317708,466880326.5576625
2024-09-29 00:00:00 UTC,5.571134475059085,6166584507.550172,275939888.65182567
2024-09-30 00:00:00 UTC,5.4902251476393875,6071180600.973379,344125111.9478389
2024-10-01 00:00:00 UTC,5.28073635232926,5845113482.661783,470680563.88627666
2024-10-02 00:00:00 UTC,4.840727991149853,5362608942.996704,713641083.6152624
2024-10-03 00:00:00 UTC,4.630983657817767,5124416567.672754,478067153.6241014
2024-10-04 00:00:00 UTC,4.627796843239543,5121690577.485871,445574725.4476027
2024-10-05 00:00:00 UTC,4.824112854750934,5341058776.957424,395610161.88718075
2024-10-06 00:00:00 UTC,4.7809972013838555,5293345179.416819,261522627.8722245
2024-10-07 00:00:00 UTC,4.954682775097982,5486261593.348372,229226068.6187351
2024-10-08 00:00:00 UTC,5.0522795067788415,5593932363.832672,574196798.5132557
2024-10-09 00:00:00 UTC,4.892868410782296,5417254036.7766,367239967.74447817
2024-10-10 00:00:00 UTC,4.607016970766347,5101598013.355106,334551523.1819861
2024-10-11 00:00:00 UTC,4.586354105615617,5076399470.70252,283636618.3743238
2024-10-12 00:00:00 UTC,4.729267778060596,5231524381.279697,318238735.3199565
2024-10-13 00:00:00 UTC,4.844774392913631,5877767846.988872,308362780.06797236
2024-10-14 00:00:00 UTC,4.685151884985046,5688715684.751021,284041653.96518844
2024-10-15 00:00:00 UTC,5.021621142408228,6104474580.195874,439219315.7040272
2024-10-16 00:00:00 UTC,5.0573007195396205,6143994957.287267,662486745.6298376
2024-10-17 00:00:00 UTC,4.949966243785593,6009106631.2168455,368856547.59428656
2024-10-18 00:00:00 UTC,4.765788758111821,5788526925.980203,315456501.4147596
2024-10-19 00:00:00 UTC,4.891501715050515,5944290009.985124,273531932.3736582
2024-10-20 00:00:00 UTC,4.831107102824231,5875672308.522544,195870052.67253494
2024-10-21 00:00:00 UTC,4.964117318268263,6031487726.586039,248541855.6573207
2024-10-22 00:00:00 UTC,4.7828067969218395,5813295851.870452,279548876.93952024
2024-10-23 00:00:00 UTC,4.678529001466305,5686289907.100994,337252926.4610811
2024-10-24 00:00:00 UTC,4.654770798261131,5660491529.102226,254874634.6576345
2024-10-25 00:00:00 UTC,4.713072592627256,5726550876.798016,245910236.87035936
2024-10-26 00:00:00 UTC,4.141362756654739,5021996902.695875,456857846.0395275
2024-10-27 00:00:00 UTC,4.231548347157322,5146728138.745082,290625489.8487387
2024-10-28 00:00:00 UTC,4.3023862609682935,5234346533.268541,161544474.2452656
2024-10-29 00:00:00 UTC,4.301525315350402,5242408490.783112,277260542.99797386
2024-10-30 00:00:00 UTC,4.428234972663224,5378614444.491765,333932731.1916385
2024-10-31 00:00:00 UTC,4.319566549890693,5263312739.733482,298113765.7451542
2024-11-01 00:00:00 UTC,4.051845397609572,4933165284.459683,281028073.06506336
2024-11-02 00:00:00 UTC,3.9278815757059977,4785029081.592187,309315190.972816
2024-11-03 00:00:00 UTC,3.8043810639697195,4632513601.499393,196720256.93786985
2024-11-04 00:00:00 UTC,3.694497650401856,4503098270.241831,312022298.376824
2024-11-05 00:00:00 UTC,3.6172671437682804,4396818321.342071,284208775.95843846
2024-11-06 00:00:00 UTC,3.8090892822687024,4647783063.482525,284307285.8417753
2024-11-07 00:00:00 UTC,4.231828895540858,5159952037.81245,607165451.1578574
2024-11-08 00:00:00 UTC,4.232680662183363,5155123619.8539095,411164224.7405253
2024-11-09 00:00:00 UTC,4.338857201050929,5284946688.532991,477358004.4524429
2024-11-10 00:00:00 UTC,4.641237452540493,5664867325.135181,466827882.07305014
2024-11-11 00:00:00 UTC,4.717566146158925,5737677593.124804,948016842.5017793
2024-11-12 00:00:00 UTC,5.553880671588042,6778988791.936173,1710482469.2606084
2024-11-13 00:00:00 UTC,5.400547743305076,6542034450.441445,1720421199.5469048
2024-11-14 00:00:00 UTC,5.168451313177995,6301492821.201755,1299617192.1050518
2024-11-15 00:00:00 UTC,5.416172256825466,6582152402.236045,1040447796.3908354
2024-11-16 00:00:00 UTC,5.570542366005661,6790357674.113467,981869544.6804016
2024-11-17 00:00:00 UTC,5.964793996970496,7252849679.436468,1242264201.6007965
2024-11-18 00:00:00 UTC,5.700626388210676,6946540080.037998,877170689.9418905
2024-11-19 00:00:00 UTC,6.026332357310205,7342636901.6237335,811316258.5209749
2024-11-20 00:00:00 UTC,5.78585076523471,7044196628.048076,663660495.9683801
2024-11-21 00:00:00 UTC,5.500540868834834,6700099732.911576,678727467.5327032
2024-11-22 00:00:00 UTC,5.791355546489615,7053327565.8630905,913547582.8615855
2024-11-23 00:00:00 UTC,6.163688754953429,7510193781.766911,962087908.3808987
2024-11-24 00:00:00 UTC,6.189164004316125,7538538755.081155,1543655158.5060017
2024-11-25 00:00:00 UTC,6.916918944553975,8460464679.58602,1823459813.6220791
2024-11-26 00:00:00 UTC,6.457204751496764,7850359181.957732,1572801776.4232926
2024-11-27 00:00:00 UTC,6.5485261224321,7968357271.7172985,1193482190.4633389
2024-11-28 00:00:00 UTC,6.8341097302564195,8324847837.216614,998475538.4461929
2024-11-29 00:00:00 UTC,7.056204388513637,8596003382.370468,844851781.925113
2024-11-30 00:00:00 UTC,6.98465140757466,8512670091.196989,628779484.7138883
2024-12-01 00:00:00 UTC,7.012871949210284,8545569984.792896,750741684.2873253
2024-12-02 00:00:00 UTC,6.927567275119838,8435236601.450998,677355710.7873251
2024-12-03 00:00:00 UTC,7.4181422879021754,9030410509.02393,1395494819.796872
2024-12-04 00:00:00 UTC,7.37744982268336,8977827949.54165,1752321922.1042397
2024-12-05 00:00:00 UTC,7.468331046061749,9091521804.590822,1412433292.819121
2024-12-06 00:00:00 UTC,7.663688779133932,9341940370.400919,1518759097.389191
2024-12-07 00:00:00 UTC,8.024071530925562,9773034191.644295,1265378930.8400204
2024-12-08 00:00:00 UTC,7.764209358659047,9469483317.603174,647746037.1700581
2024-12-09 00:00:00 UTC,7.879074942777348,9586819808.979258,648923469.0742722
2024-12-10 00:00:00 UTC,6.530404371004694,7953419678.085521,1352591795.669155
2024-12-11 00:00:00 UTC,6.426109055926839,7820839558.001606,1648998182.8302495
2024-12-12 00:00:00 UTC,6.839347144477605,8329682983.440949,723119624.8120261
2024-12-13 00:00:00 UTC,6.8991530066584925,8396025300.668683,894886427.9008524
2024-12-14 00:00:00 UTC,6.882060848817472,8381438411.993259,625581981.4629089
2024-12-15 00:00:00 UTC,6.680542544759564,8141905776.5344305,469557380.0860582
2024-12-16 00:00:00 UTC,6.883218698167417,8392534589.874371,409952082.66111916
2024-12-17 00:00:00 UTC,6.626505827078877,8080112388.109154,618149736.6631713
2024-12-18 00:00:00 UTC,6.372814834340544,7766564760.96051,836966098.8179376
2024-12-19 00:00:00 UTC,5.705664515211184,6946257430.975659,1112495121.7281275
2024-12-20 00:00:00 UTC,5.232871215071156,6378749137.612752,2195034512.2366424
2024-12-21 00:00:00 UTC,5.3461098202105575,6501852800.243796,2382875884.3101373
2024-12-22 00:00:00 UTC,5.00690986864453,6090829392.689892,1649850489.0060031
2024-12-23 00:00:00 UTC,5.028517245617773,6135813275.280116,1413145158.8398643
2024-12-24 00:00:00 UTC,5.426203786916072,6608625081.097747,1027597733.1773754
2024-12-25 00:00:00 UTC,5.557249337040812,6761119325.804467,512136073.81812364
2024-12-26 00:00:00 UTC,5.440135056415582,6626442437.7558155,335812757.191163
2024-12-27 00:00:00 UTC,5.084140149339145,6194102699.4914465,304344953.83730835
2024-12-28 00:00:00 UTC,5.105946967104474,6218148991.959973,324629780.80913186
2024-12-29 00:00:00 UTC,5.323719544322689,6484130793.902003,223230021.14474282
2024-12-30 00:00:00 UTC,5.1313585743772805,5987167981.671378,235843516.336917
2024-12-31 00:00:00 UTC,5.031031638665378,5868109463.185765,324091329.0189619
2025-01-01 00:00:00 UTC,4.905765520714505,5730669350.498929,235008344.21231157
2025-01-02 00:00:00 UTC,5.275638438422595,6160573286.723639,279538012.3923104
2025-01-03 00:00:00 UTC,5.430404952436713,6347115841.326712,327553119.14656746
2025-01-04 00:00:00 UTC,5.793263414075419,6767365224.152678,396613124.5830944
2025-01-05 00:00:00 UTC,5.796286791762489,6772980745.237954,292004648.03975064
2025-01-06 00:00:00 UTC,5.9103480471391805,6920120183.679224,281048206.04546255
2025-01-07 00:00:00 UTC,6.000768383674265,6998402703.421019,418857808.9077887
2025-01-08 00:00:00 UTC,5.381633858122106,6294741551.575492,413157260.5025483
2025-01-09 00:00:00 UTC,5.157121665241704,6041410376.999629,433875252.6589109
2025-01-10 00:00:00 UTC,4.980085898504754,5815664678.952557,339169273.5042814
2025-01-11 00:00:00 UTC,5.0860269490965795,5949060168.0119095,315869469.557853
2025-01-12 00:00:00 UTC,5.084483043511435,5949687053.285938,185806993.75467095
2025-01-13 00:00:00 UTC,4.968158395583895,5834390722.46104,173887322.7896209
2025-01-14 00:00:00 UTC,4.753539649995699,5581533740.612521,408688475.2038333
2025-01-15 00:00:00 UTC,5.044151707783146,5919832919.022374,212737831.53013358
2025-01-16 00:00:00 UTC,5.319546553503939,6253167606.251648,310539640.4853613
2025-01-17 00:00:00 UTC,5.161675953948673,6063836161.2590475,288800758.07266754
2025-01-18 00:00:00 UTC,5.756963092498235,6764829626.931999,350917871.0269678
2025-01-19 00:00:00 UTC,5.456499677417637,6416303844.813205,311692325.48675174
2025-01-20 00:00:00 UTC,4.976661348876277,5882923197.558522,556075660.5387408
2025-01-21 00:00:00 UTC,5.07873172421098,5984002462.362691,750505262.0875278
2025-01-22 00:00:00 UTC,5.251906995508171,6176817838.42668,379701667.4569779
2025-01-23 00:00:00 UTC,5.086978683348866,5992121296.224286,245960518.0485916
2025-01-24 00:00:00 UTC,4.987677789813818,5871674064.48229,335355072.8497328
2025-01-25 00:00:00 UTC,4.990083771801746,5868072828.164839,295047726.1212354
2025-01-26 00:00:00 UTC,4.940479473939428,5820155833.871349,165001791.97681868
2025-01-27 00:00:00 UTC,4.758221099153712,5601822780.204297,195794244.35165873
2025-01-28 00:00:00 UTC,4.627012548048246,5442318825.713845,407021781.90140045
2025-01-29 00:00:00 UTC,4.283252965732526,5042053717.313884,187396815.8033773
2025-01-30 00:00:00 UTC,4.413154034895056,5197772367.246116,229752395.0124428
2025-01-31 00:00:00 UTC,4.604663439144473,5425448707.647441,183722452.7528769
2025-02-01 00:00:00 UTC,4.615570882440713,5429949632.693556,211008136.46607307
2025-02-02 00:00:00 UTC,4.271633489592573,5051368893.199312,163889139.21229997
2025-02-03 00:00:00 UTC,3.722307582230857,4377839026.174044,409024449.55757207
2025-02-04 00:00:00 UTC,3.7652795011643603,4434369634.926128,975144867.5422657
2025-02-05 00:00:00 UTC,3.412295778960433,4011417624.3573756,341529774.2357761
2025-02-06 00:00:00 UTC,3.282637128978954,3867287226.4316387,193500306.17877585
2025-02-07 00:00:00 UTC,3.1449500294740056,3695242278.1772885,235774981.36385164
2025-02-08 00:00:00 UTC,3.1987838431603897,3758806962.7489705,190966664.5515357
2025-02-09 00:00:00 UTC,3.2889865533321663,3878288498.5002456,187357179.31980717
2025-02-10 00:00:00 UTC,3.1837604274290734,3742362957.653442,208574225.8551063
2025-02-11 00:00:00 UTC,3.2017433915783275,3775664388.5757523,237370176.73006925
2025-02-12 00:00:00 UTC,3.2042354456337394,3797825450.713032,203600336.19835117
2025-02-13 00:00:00 UTC,3.4262213013754734,4052651599.38118,306694991.40800166
2025-02-14 00:00:00 UTC,3.371582277610597,3993398666.3229537,185169032.5131537
2025-02-15 00:00:00 UTC,3.5476878023441447,4200094308.0513678,226625252.63364023
2025-02-16 00:00:00 UTC,3.405836649539179,4033205559.5709023,147712167.38742805
2025-02-17 00:00:00 UTC,3.4161176842488183,4045550530.036336,144903436.58543012
2025-02-18 00:00:00 UTC,3.2539884659640976,3855766484.9421773,213353097.8059335
2025-02-19 00:00:00 UTC,3.132166421584429,3708533287.6695194,186188266.1202192
2025-02-20 00:00:00 UTC,3.155782054712383,3741022795.674178,146513625.21828958
2025-02-21 00:00:00 UTC,3.469227914173061,4117146848.1072073,266725248.8289011
2025-02-22 00:00:00 UTC,3.306129139785969,3921853562.004308,280597838.8527685
2025-02-23 00:00:00 UTC,3.475132450978279,4130852744.7918067,232743154.19016108
2025-02-24 00:00:00 UTC,3.427808754205864,4065939360.7349486,134236823.35286573
2025-02-25 00:00:00 UTC,3.0563961287349892,3622198490.698361,250043197.3787865
2025-02-26 00:00:00 UTC,3.0048959141420264,3570043196.1639047,360920053.6488605
2025-02-27 00:00:00 UTC,3.0039600258983437,3566899171.9915385,209963060.68668264
2025-02-28 00:00:00 UTC,3.0560575573379065,3629529860.104406,193778004.69992602
2025-03-01 00:00:00 UTC,3.065367823717868,3640935701.816293,279716851.7015475
2025-03-02 00:00:00 UTC,3.2654329840412695,3879277999.4291143,198549745.743981
2025-03-03 00:00:00 UTC,3.5443109619920445,4210336746.846691,322551375.5341594
2025-03-04 00:00:00 UTC,2.973237849941758,3537567933.5061164,321245250.1302565
2025-03-05 00:00:00 UTC,2.8150975758943724,3344858289.068494,392531032.13580745
2025-03-06 00:00:00 UTC,2.998056802687052,3571472561.75094,232960430.5014303
2025-03-07 00:00:00 UTC,3.06341556019784,3643863177.579726,255736063.41451266
2025-03-08 00:00:00 UTC,2.94370002440564,3500698559.0110893,360302351.8423355
2025-03-09 00:00:00 UTC,2.8810356797285275,3429169086.659287,144505086.01152813
2025-03-10 00:00:00 UTC,2.5540037421665445,3034459171.3633037,177757070.59973532
2025-03-11 00:00:00 UTC,2.292365522045581,2733462758.750597,281246806.00951535
2025-03-12 00:00:00 UTC,2.448298670465794,2917433170.269747,285914237.45717955
2025-03-13 00:00:00 UTC,2.551841179822228,3037699707.9144,232295125.8775535
2025-03-14 00:00:00 UTC,2.570317584342263,3058953202.4347916,214382732.51502904
2025-03-15 00:00:00 UTC,2.6086193716112693,3117340408.0258546,297533129.7717827
2025-03-16 00:00:00 UTC,2.644349238000307,3162314578.237317,120707270.53574173
2025-03-17 00:00:00 UTC,2.5212885476741422,3011744144.4395065,143788669.8708751
2025-03-18 00:00:00 UTC,2.638994328441624,3155133085.0924683,181265899.16966668
2025-03-19 00:00:00 UTC,2.589757099737634,3097419835.8041244,146537230.22954232
2025-03-20 00:00:00 UTC,2.795067515027247,3342976461.9829793,296115013.4455116
2025-03-21 00:00:00 UTC,2.736655309008859,3275099015.164612,147815922.41914245
2025-03-22 00:00:00 UTC,2.7079976581490555,3235776701.5272746,117553630.5249234
2025-03-23 00:00:00 UTC,2.7236051191251307,3257847188.1124277,107133296.34743018
2025-03-24 00:00:00 UTC,2.770230344490914,3319010822.5074306,127802510.33619362
2025-03-25 00:00:00 UTC,2.912678761423292,3482162492.588069,217069094.65355068
2025-03-26 00:00:00 UTC,3.0276082198714094,3625072403.84374,163762075.6469754
2025-03-27 00:00:00 UTC,2.987445818359789,3573331206.245646,167524607.29006034
2025-03-28 00:00:00 UTC,3.010629614341886,3607392319.9703565,163322053.29563802
2025-03-29 00:00:00 UTC,2.7339207171780617,3273748931.6740546,220560865.83434683
2025-03-30 00:00:00 UTC,2.5657101382694045,3071273976.716875,161228169.32605863
2025-03-31 00:00:00 UTC,2.588987664114433,3099969990.310182,177505639.09626338
2025-04-01 00:00:00 UTC,2.513309955601512,3011733835.0308375,204413222.85476413
2025-04-02 00:00:00 UTC,2.6512084595544065,3176621301.3623333,177207569.60452858
2025-04-03 00:00:00 UTC,2.4532105038169543,2939648458.2708163,254428009.64472836
2025-04-04 00:00:00 UTC,2.508392691842651,3015647767.771123,205027458.48127353
2025-04-05 00:00:00 UTC,2.505047079209442,3004258806.2678275,210572741.91555396
2025-04-06 00:00:00 UTC,2.447281990140777,2931795017.702501,87650884.17356358
2025-04-07 00:00:00 UTC,2.155528334668376,2580935740.9958386,177850797.1845687
2025-04-08 00:00:00 UTC,2.121350393450211,2547784986.332122,450645044.8899704
2025-04-09 00:00:00 UTC,1.9053186656644046,2284539484.650487,299855053.6235319
2025-04-10 00:00:00 UTC,2.0974446713342845,2517262778.9027696,414839742.336226
2025-04-11 00:00:00 UTC,2.007838761721911,2412814440.461508,203007991.12065125
2025-04-12 00:00:00 UTC,2.0901692370165224,2509582050.106262,164271219.60064122
2025-04-13 00:00:00 UTC,2.211380975764895,2656374294.6794133,147298986.27808893
2025-04-14 00:00:00 UTC,2.0949713947498236,2519819310.725427,145487651.62071562
2025-04-15 00:00:00 UTC,2.1095793850626996,2543305854.379639,204939698.33764914
2025-04-16 00:00:00 UTC,2.0331516069849553,2450620235.303941,155729357.51009145
2025-04-17 00:00:00 UTC,1.9662907830993783,2370160271.08191,204078369.40269265
2025-04-18 00:00:00 UTC,2.048917907687506,2471945018.4282355,141318078.02308255
2025-04-19 00:00:00 UTC,2.0551406254502433,2478496431.9405365,126341917.55524616
2025-04-20 00:00:00 UTC,2.180256626410953,2631327319.8331366,111987907.22791834
2025-04-21 00:00:00 UTC,2.2402437872704017,2703669325.894286,117017124.98471391
2025-04-22 00:00:00 UTC,2.214344031853888,2666464118.924783,162927608.75587466
2025-04-23 00:00:00 UTC,2.4029004952419557,2903218970.820463,207144859.38227022
2025-04-24 00:00:00 UTC,2.4693916598652432,2984014402.64604,227329086.34746897
2025-04-25 00:00:00 UTC,2.5390175211716355,3066446144.7683096,202437493.06677306
2025-04-26 00:00:00 UTC,2.6175539038516815,3163781974.6545615,202067020.7403257
2025-04-27 00:00:00 UTC,2.6236517442693033,3168098689.337338,172500521.7475501
2025-04-28 00:00:00 UTC,2.491431747535148,3011065153.899533,128641059.33658789
2025-04-29 00:00:00 UTC,2.595275672119853,3139651156.8720593,202557500.29683506
2025-04-30 00:00:00 UTC,2.5295275274294813,3054423999.507605,174897546.6121999
2025-05-01 00:00:00 UTC,2.4628430708919775,2978359254.780774,139940622.70609874
2025-05-02 00:00:00 UTC,2.5411555954016767,3072239098.34425,147373548.53975296
2025-05-03 00:00:00 UTC,2.5087548510729434,3033552683.954678,144207966.0415535
2025-05-04 00:00:00 UTC,2.426043412107072,2937360914.3360214,121453731.70158218
2025-05-05 00:00:00 UTC,2.3235406985786105,2811489018.3244977,120981142.38160129
2025-05-06 00:00:00 UTC,2.3164569559856054,2803325268.7630405,121573929.51168135
2025-05-07 00:00:00 UTC,2.3291230786412447,2820096914.6991625,156570267.1649874
2025-05-08 00:00:00 UTC,2.284913372539231,2767120929.909633,178304752.3926778
2025-05-09 00:00:00 UTC,2.7225136771054235,3296113710.997869,274058524.7279691
2025-05-10 00:00:00 UTC,2.898025505480271,3508942049.334798,365634816.9523912
2025-05-11 00:00:00 UTC,3.351975797099995,4059369411.480642,322008239.3891014
2025-05-12 00:00:00 UTC,3.1375026408951645,3804608611.6673727,319531705.79150385
2025-05-13 00:00:00 UTC,3.1826100908052872,3858577058.8319087,389601277.6983893
2025-05-14 00:00:00 UTC,3.2201166829312875,3904713850.270447,263450332.41166562
2025-05-15 00:00:00 UTC,3.0496379685259014,3706757457.4767184,264658567.7574235
2025-05-16 00:00:00 UTC,2.873344400259089,3494062466.393136,308669128.3728892
2025-05-17 00:00:00 UTC,2.8081945868891918,3418788646.5024614,211720578.8263756
2025-05-18 00:00:00 UTC,2.69189893084014,3277453658.8702507,191877534.3790114
2025-05-19 00:00:00 UTC,2.8179511745606804,3425828421.324329,273918386.84789
2025-05-20 00:00:00 UTC,2.7671437626093818,3368125124.3856225,260023655.98961625
2025-05-21 00:00:00 UTC,2.8081055653429696,3420883249.901007,224257374.00940537
2025-05-22 00:00:00 UTC,2.8802051572338963,3508353354.8877983,320401962.8323209
2025-05-23 00:00:00 UTC,3.07281619660486,3741790272.6118526,305530940.54625946
2025-05-24 00:00:00 UTC,2.8057898050475156,3419918730.5888186,358133780.5126772
2025-05-25 00:00:00 UTC,2.77779794698785,3385092391.6197467,160203732.87289134
2025-05-26 00:00:00 UTC,2.793190865476267,3403983274.525317,176252547.54891062
2025-05-27 00:00:00 UTC,2.7646363122413704,3368490886.0951333,174467378.9212236
2025-05-28 00:00:00 UTC,2.8143846628042204,3430874395.811115,201502323.5635744
2025-05-29 00:00:00 UTC,2.8545894316665947,3481230851.366514,206951592.80592826
2025-05-30 00:00:00 UTC,2.7695380770035287,3376517320.9602237,298649948.3721926
2025-05-31 00:00:00 UTC,2.4428261336197297,2975537963.8974547,304414699.7081778
2025-06-01 00:00:00 UTC,2.418967612650521,2951008778.443428,231034828.55369768
2025-06-02 00:00:00 UTC,2.464580496220852,3007935066.841098,146869809.8093212
2025-06-03 00:00:00 UTC,2.509517593632178,3064913569.483899,167522486.56298053
2025-06-04 00:00:00 UTC,2.507136250986172,3061402979.07217,165853831.57590303
2025-06-05 00:00:00 UTC,2.441374484415012,2980828298.1531897,151371783.67691532
2025-06-06 00:00:00 UTC,2.258843213996168,2758459147.9722924,207567631.69791716
2025-06-07 00:00:00 UTC,2.320183461459267,2833754485.2000237,148361896.3141081
2025-06-08 00:00:00 UTC,2.422128457531472,2958420164.2080507,98602908.55808188
2025-06-09 00:00:00 UTC,2.422123978977122,2959184004.282312,101827403.94667475
2025-06-10 00:00:00 UTC,2.543809448553378,3109298723.568654,144036055.49204782
2025-06-11 00:00:00 UTC,2.655362637511812,3242635198.7629156,193541596.81836432
2025-06-12 00:00:00 UTC,2.5716961948060124,3142654293.233278,189484388.7095913
2025-06-13 00:00:00 UTC,2.381016152797045,2911095523.62246,176444237.94141555
2025-06-14 00:00:00 UTC,2.234765871964421,2741487537.796708,286278305.7555383
2025-06-15 00:00:00 UTC,2.238609217844003,2747468977.522939,115329970.37286422
2025-06-16 00:00:00 UTC,2.2268554528070115,2734532037.814206,104116182.75190708
2025-06-17 00:00:00 UTC,2.2881559378389857,2813248960.15492,168004641.84745604
2025-06-18 00:00:00 UTC,2.150666822664757,2642784736.944833,208421201.11848655
2025-06-19 00:00:00 UTC,2.1838916614514,2681605001.988706,173174973.88093957
2025-06-20 00:00:00 UTC,2.181889353831061,2679539936.630819,136019720.06225994
2025-06-21 00:00:00 UTC,2.073041403566887,2545829898.5237303,149619758.32355997
2025-06-22 00:00:00 UTC,1.9565448475653129,2399006214.639679,132739970.81923331
2025-06-23 00:00:00 UTC,1.8967218593053334,2331548442.138689,258807997.07193163
2025-06-24 00:00:00 UTC,2.1343240452174768,2623048903.640956,252088749.01183936
2025-06-25 00:00:00 UTC,2.185525814113519,2685215090.3192997,204717745.44202772
2025-06-26 00:00:00 UTC,2.1378330940996557,2627374701.489478,150553021.10549
2025-06-27 00:00:00 UTC,2.050609161064101,2520912327.161207,189763187.18401065
2025-06-28 00:00:00 UTC,2.112553910266492,2597885841.3568697,181551089.16935676
2025-06-29 00:00:00 UTC,2.1704100566149913,2670433871.421294,90886116.0280246
2025-06-30 00:00:00 UTC,2.262159994562039,2784241746.4112387,135549525.29260036
2025-07-01 00:00:00 UTC,2.1468772821286137,2642755681.7901773,159616446.64063448
2025-07-02 00:00:00 UTC,2.0396995594896694,2508517643.515575,119969213.34083067
2025-07-03 00:00:00 UTC,2.2206202116959974,2732769292.290719,222019832.7178932
2025-07-04 00:00:00 UTC,2.269275837892817,2792026136.134057,220757334.25504154
2025-07-05 00:00:00 UTC,2.132697544427376,2625107993.5841084,158451188.7254999
2025-07-06 00:00:00 UTC,2.1478004727200295,2646194221.556626,86326339.91390389
2025-07-07 00:00:00 UTC,2.1801535251136093,2683106555.124377,110025800.97492267
2025-07-08 00:00:00 UTC,2.1578204288736162,2657198945.93888,124861921.57916582
2025-07-09 00:00:00 UTC,2.241477389718983,2760644574.389485,148670967.60155466
2025-07-10 00:00:00 UTC,2.3393310207784,2883369747.911906,183636533.31831244
2025-07-11 00:00:00 UTC,2.51483574774664,3098765934.306822,242875464.28051335
2025-07-12 00:00:00 UTC,2.5054534005068465,3086408361.6443825,377447749.3761986
2025-07-13 00:00:00 UTC,2.4810659196828184,3057150052.3369703,239740326.14778987
2025-07-14 00:00:00 UTC,2.529024534782854,3117354395.5972123,187266978.52573082
2025-07-15 00:00:00 UTC,2.57570422050068,3186661531.4724174,333096394.07151204
2025-07-16 00:00:00 UTC,2.6642520154171105,3295876205.75602,329714525.3872019
2025-07-17 00:00:00 UTC,2.7330373223350635,3386340703.1397448,368554636.4889243
2025-07-18 00:00:00 UTC,2.8295162131723157,3503752543.4740753,436225102.3848733
2025-07-19 00:00:00 UTC,2.8004981360797796,3467322672.0926166,491975665.0091817
2025-07-20 00:00:00 UTC,2.9189808635866425,3614919969.8202224,269169693.0971576
2025-07-21 00:00:00 UTC,2.976711570515819,3686822803.41162,343983991.095129
2025-07-22 00:00:00 UTC,3.0251192086181953,3749475173.690154,417451733.8966912
2025-07-23 00:00:00 UTC,3.025066597824142,3747665511.930199,520939400.7889081
2025-07-24 00:00:00 UTC,2.756877895134957,3415764795.2865896,415392920.8594907
2025-07-25 00:00:00 UTC,2.717043891746169,3367285668.1331143,427632529.5396169
2025-07-26 00:00:00 UTC,2.85507718418848,3536927334.5042553,376334537.5018313
2025-07-27 00:00:00 UTC,2.8825590472240084,3571643874.9783278,168099837.66118523
2025-07-28 00:00:00 UTC,2.9569072966438408,3658161805.498981,207078370.15067077
2025-07-29 00:00:00 UTC,2.7418885918797224,3396453263.7344065,317870742.6045249
2025-07-30 00:00:00 UTC,2.719737813988433,3367674006.6455855,240887764.18798217
2025-07-31 00:00:00 UTC,2.6591992800072632,3297068403.7400703,222889305.4687284
2025-08-01 00:00:00 UTC,2.5376018546450285,3145751063.5030217,168840499.8762427
2025-08-02 00:00:00 UTC,2.4205812926268577,3001818399.747859,352453467.0510213
2025-08-03 00:00:00 UTC,2.347029955191016,2911524087.8939385,162541298.17014408
2025-08-04 00:00:00 UTC,2.444680558152099,3032816643.065833,101342277.54271013
2025-08-05 00:00:00 UTC,2.552572405849011,3167387496.5067396,142527210.85812083
2025-08-06 00:00:00 UTC,2.4632627722218023,3056745717.1603065,171615564.3295513
2025-08-07 00:00:00 UTC,2.4882060016148833,3090026073.470758,148264562.86786902
2025-08-08 00:00:00 UTC,2.6474448801540387,3285643725.3148456,134619744.6774771
2025-08-09 00:00:00 UTC,2.712903616047096,3368699422.0672274,273822854.9062406
2025-08-10 00:00:00 UTC,2.8303450551419846,3515399137.489218,173295647.7948173
2025-08-11 00:00:00 UTC,2.748333500960473,3412732119.0930867,233023331.00768095
2025-08-12 00:00:00 UTC,2.6088989171385926,3243121247.941119,244156217.24781933
2025-08-13 00:00:00 UTC,2.788537154608403,3470139131.027106,325190500.5286405
2025-08-14 00:00:00 UTC,2.9936942774436037,3733021137.328278,436460431.44645727
2025-08-15 00:00:00 UTC,2.7651954087481987,3450299475.1203146,452232035.4975187
2025-08-16 00:00:00 UTC,2.7058595079609,3376325913.4294877,221099697.5949155
2025-08-17 00:00:00 UTC,2.742442726773576,3421502291.3926125,144030062.9008633
2025-08-18 00:00:00 UTC,2.711186081014304,3382946745.3367968,191713912.28832185
2025-08-19 00:00:00 UTC,2.575747904262696,3211814310.842131,240241526.71080872
2025-08-20 00:00:00 UTC,2.4219919537528107,3024201988.5950756,193196836.45356897
2025-08-21 00:00:00 UTC,2.5419285308717967,3177760577.2305536,180859859.9717244
2025-08-22 00:00:00 UTC,2.4437622837909476,3044569081.9711313,126362981.27521054
2025-08-23 00:00:00 UTC,2.687308282557039,3356636404.356131,302769092.0673319
2025-08-24 00:00:00 UTC,2.697063614157873,3369583622.347709,141784668.86191434
2025-08-25 00:00:00 UTC,2.6536519130087797,3316410314.1905065,243319124.31541258
2025-08-26 00:00:00 UTC,2.397466337735046,2993805859.4874315,230699186.25268063
2025-08-27 00:00:00 UTC,2.527415071560317,3159892055.62688,192849697.90300313
2025-08-28 00:00:00 UTC,2.516965092857736,3147586149.7936907,174291459.63955814
2025-08-29 00:00:00 UTC,2.542333531448351,3174073750.0005894,163510070.24379608
2025-08-30 00:00:00 UTC,2.4326316140482085,3042542634.4599876,213861614.66402358
2025-08-31 00:00:00 UTC,2.4341128438577586,3040915342.404462,83278498.47109203
2025-09-01 00:00:00 UTC,2.368535722793571,2962638926.605033,97634850.88054527
2025-09-02 00:00:00 UTC,2.3333490798686407,2916710910.8504014,192158051.66209325
2025-09-03 00:00:00 UTC,2.4383559544490483,3047683831.3611503,147800849.87912187
2025-09-04 00:00:00 UTC,2.4696517383954606,3086795030.5069184,106809583.05203861
2025-09-05 00:00:00 UTC,2.377609123224236,2972574113.243638,102190859.10461725
2025-09-06 00:00:00 UTC,2.398202970804881,2997167908.1245704,174688161.99139178
2025-09-07 00:00:00 UTC,2.4019561059709345,3002125208.1323724,66516320.65860466
2025-09-08 00:00:00 UTC,2.4682949612076066,3086025295.746438,100723876.9265816
2025-09-09 00:00:00 UTC,2.5784721799425463,3222566648.895108,137705839.9308719
2025-09-10 00:00:00 UTC,2.6334991397642646,3292194253.042324,317819242.7152344
2025-09-11 00:00:00 UTC,2.725625437486633,3408158691.4305143,183919579.3798595
2025-09-12 00:00:00 UTC,2.742837599524817,3429233848.918022,174667627.1723345
2025-09-13 00:00:00 UTC,2.7905632250752883,3487648941.9877114,181317156.60426992
2025-09-14 00:00:00 UTC,2.81168594344548,3512448850.8873596,197180275.29590112
2025-09-15 00:00:00 UTC,2.705740744638375,3380789862.2520313,133622322.33601768
2025-09-16 00:00:00 UTC,2.6265734547875015,3279950728.964431,189541636.22443247
2025-09-17 00:00:00 UTC,2.711760387814909,3393837513.818396,159008878.11661533
2025-09-18 00:00:00 UTC,2.823191324728825,3521099711.544248,219757908.59889993
2025-09-19 00:00:00 UTC,3.1968524758970616,3995552803.524466,546748042.6127793
2025-09-20 00:00:00 UTC,3.1261601467786675,3905434524.950541,611912671.9412869
2025-09-21 00:00:00 UTC,3.156897104629627,3939682471.833275,352263120.856192
2025-09-22 00:00:00 UTC,3.136963062074853,3921416775.991832,178665184.13874018
2025-09-23 00:00:00 UTC,2.97715779691883,3720922210.0533977,423043157.8165586
2025-09-24 00:00:00 UTC,2.922403296561968,3655669868.3921914,391806059.1502215
2025-09-25 00:00:00 UTC,3.022333985740379,3777724202.0263796,293266759.54939514
2025-09-26 00:00:00 UTC,2.728543618829235,3410527868.3992386,360457643.22585803
2025-09-27 00:00:00 UTC,2.7764667460007892,3469452983.2773466,254148826.3448977
2025-09-28 00:00:00 UTC,2.731128053036708,3414373046.6443486,104821677.45396079
2025-09-29 00:00:00 UTC,2.8018548607839584,3502423040.4233828,128911339.33333229
2025-09-30 00:00:00 UTC,2.7781166286433012,3473399190.783717,214719820.57216203
2025-10-01 00:00:00 UTC,2.6253287996606796,3280283334.2886004,209550728.52945808
2025-10-02 00:00:00 UTC,2.8259813915375296,3531852539.185261,291197730.4520073
2025-10-03 00:00:00 UTC,2.9681553399201994,3708015153.395694,321072861.9117789
2025-10-04 00:00:00 UTC,3.0330922764946284,3791225554.216236,327531435.1185985
2025-10-05 00:00:00 UTC,2.966475666647608,3708720290.4112473,205981245.56654477
2025-10-06 00:00:00 UTC,2.9594394506835404,3699364750.6091213,348108872.9203202
2025-10-07 00:00:00 UTC,3.0483542786797946,3809377171.777905,289067568.76859397
2025-10-08 00:00:00 UTC,2.9517887102121767,3683025095.121235,359205328.47892904
2025-10-09 00:00:00 UTC,2.9654418315732287,3705436737.613396,279120532.07649857
2025-10-10 00:00:00 UTC,2.883637511384894,3603933509.8459296,282630294.7699927
2025-10-11 00:00:00 UTC,2.398667263937263,3046764557.511236,1018619995.0924134
2025-10-12 00:00:00 UTC,2.3020643369296376,2876788237.8897595,529283670.30341333
2025-10-13 00:00:00 UTC,2.4586802055191566,3066739486.4481983,438552995.78406924
2025-10-14 00:00:00 UTC,2.6148794013262395,3268906828.6263156,445220495.95131075
2025-10-15 00:00:00 UTC,2.465831396578276,3081386749.8629804,397967790.65236676
2025-10-16 00:00:00 UTC,2.325483953705747,2906386334.0418115,268658510.91006994
2025-10-17 00:00:00 UTC,2.1974718345750106,2748676203.6423078,244793333.2393747
2025-10-18 00:00:00 UTC,2.1528544075668354,2691735911.1026273,258732421.442601
2025-10-19 00:00:00 UTC,2.1657079425961037,2706617754.0404334,110552020.07975283
2025-10-20 00:00:00 UTC,2.2580834933334524,2822103181.8569493,186006341.2743966
2025-10-21 00:00:00 UTC,2.2603770658406312,2824643059.4653015,177171325.39696324
2025-10-22 00:00:00 UTC,2.223859716126915,2780379448.044778,222461517.29668316
2025-10-23 00:00:00 UTC,2.1649614332605256,2705506889.4016666,192151647.78561923
2025-10-24 00:00:00 UTC,2.200404596202562,2749447923.223108,157850971.485451
2025-10-25 00:00:00 UTC,2.271193378069483,2902023082.1677713,143256182.26101944
2025-10-26 00:00:00 UTC,2.2799594651898722,2915608292.4804883,98118471.34065808
2025-10-27 00:00:00 UTC,2.3708377223784165,3030988450.3287973,154402894.53512463
2025-10-28 00:00:00 UTC,2.332090846356331,2979285957.898624,187543828.11608306
2025-10-29 00:00:00 UTC,2.2383290203214483,2861379123.1114726,209461295.20354116
2025-10-30 00:00:00 UTC,2.274560541096175,2906808816.5952315,188756790.96363643
2025-10-31 00:00:00 UTC,2.096852522726437,2676703788.9274883,210378651.8381032
2025-11-01 00:00:00 UTC,2.098511948494185,2684350471.0093,174396069.24170294
2025-11-02 00:00:00 UTC,2.1716889088900233,2776826070.8465347,177856611.3556023
2025-11-03 00:00:00 UTC,2.193254685787222,2800005679.6610284,176005391.89238584
2025-11-04 00:00:00 UTC,1.908179954671106,2439668828.002347,307613310.6863767
2025-11-05 00:00:00 UTC,1.8361571848426477,2351104481.3523602,368791476.23718774
2025-11-06 00:00:00 UTC,1.9522773217606808,2498094014.868108,255009830.47347638
2025-11-07 00:00:00 UTC,2.0860274129807648,2666029370.495991,429920497.82185256
2025-11-08 00:00:00 UTC,2.7645006557878293,3547181506.304387,1694706338.091444
2025-11-09 00:00:00 UTC,2.9436874633504937,3727242178.194897,1403154841.2731392
2025-11-10 00:00:00 UTC,3.0344820396117913,3853082383.798581,1145622498.7298853
2025-11-11 00:00:00 UTC,2.792941904812029,3579643819.336318,784530756.361966
2025-11-12 00:00:00 UTC,2.545869176062338,3262888196.9515224,496404888.999006
2025-11-13 00:00:00 UTC,2.53212490809725,3238800226.617122,363612541.38790697
2025-11-14 00:00:00 UTC,2.453464077350126,3141921756.2099695,373116582.2236175
2025-11-15 00:00:00 UTC,2.359486784860351,3024859786.8833184,437851478.151123
2025-11-16 00:00:00 UTC,2.4083817547524426,3083260400.8446755,427686204.17386866
2025-11-17 00:00:00 UTC,2.2931957596726726,2936626626.1860523,511661744.23467076
2025-11-18 00:00:00 UTC,2.255473014102701,2876803682.990877,463734018.50004995
2025-11-19 00:00:00 UTC,2.2751683927889115,2911490153.854841,516480829.05496633
2025-11-20 00:00:00 UTC,2.361457205770594,3023378092.3229723,499895897.7797792
2025-11-21 00:00:00 UTC,2.072841624111462,2658092983.103172,506226927.0107841
2025-11-22 00:00:00 UTC,1.8626590961809326,2386493631.9910827,520902690.49841857
2025-11-23 00:00:00 UTC,1.841361221562912,2358038499.5171084,249252217.60204417
2025-11-24 00:00:00 UTC,1.8222492309461582,2337062596.7675085,230130407.77301764
2025-11-25 00:00:00 UTC,1.9085740692561604,2450450825.4499326,360676508.6205095
2025-11-26 00:00:00 UTC,1.9118256377734724,2451833039.516017,262374702.6547749
2025-11-27 00:00:00 UTC,1.936845604528994,2480692681.9770007,171997080.33531368
2025-11-28 00:00:00 UTC,1.9081028549714711,2444736658.071606,137401154.95838532
2025-11-29 00:00:00 UTC,1.8798012594160354,2408007919.113229,154509042.06568706
2025-11-30 00:00:00 UTC,1.8543229619947625,2376019969.7224984,101496986.80595975
2025-12-01 00:00:00 UTC,1.8135730874264888,2332114350.1456103,107803689.09359843
2025-12-02 00:00:00 UTC,1.628986941923922,2088292562.3846128,258482484.7654079
2025-12-03 00:00:00 UTC,1.8029945795590827,2310308771.867259,260510095.297151
2025-12-04 00:00:00 UTC,1.852815085658328,2374721455.2449636,240439003.07192773
2025-12-05 00:00:00 UTC,1.796074794371314,2301878805.6721625,204116979.838903
2025-12-06 00:00:00 UTC,1.6841964349280658,2158770936.421907,198344114.67979312
2025-12-07 00:00:00 UTC,1.7072883015321572,2188436005.3491526,158812742.95656618
2025-12-08 00:00:00 UTC,1.6980631527042207,2173837894.3639507,182471666.92803285
2025-12-09 00:00:00 UTC,1.7435993522375064,2234860710.5847197,178299954.92266926
2025-12-10 00:00:00 UTC,1.8117512551012702,2324100050.674714,218508432.19696724
2025-12-11 00:00:00 UTC,1.762730586482396,2261590966.8444448,204151458.90109843
2025-12-12 00:00:00 UTC,1.6736383171975675,2149622723.201127,195098962.03328303
2025-12-13 00:00:00 UTC,1.6369376718167121,2099673622.2505496,176904278.5528706
2025-12-14 00:00:00 UTC,1.6658578359773792,2135692104.5152333,110414432.36636733
2025-12-15 00:00:00 UTC,1.592976915443736,2043017614.4755497,145412075.49766263
2025-12-16 00:00:00 UTC,1.5487485796909215,1986773520.2674494,225439524.47735116
2025-12-17 00:00:00 UTC,1.5669475316589125,2009808606.1569197,238203224.8999656
2025-12-18 00:00:00 UTC,1.4780796267995728,1895692722.5385706,193132621.09547308
2025-12-19 00:00:00 UTC,1.4261511255321087,1827074967.7000568,266513356.82061347
2025-12-20 00:00:00 UTC,1.5385537450989424,1973656309.1701615,207786309.0280873
2025-12-21 00:00:00 UTC,1.5221648003073067,1952331346.9185655,92624218.16028146
2025-12-22 00:00:00 UTC,1.508692401052287,1936065279.084548,124457790.31839356
2025-12-23 00:00:00 UTC,1.503115735580926,1928498516.0988646,181010832.42146742
2025-12-24 00:00:00 UTC,1.4869780894863467,1908518157.7217839,143908614.24612606
2025-12-25 00:00:00 UTC,1.4535976683083551,1865424516.8236623,117698575.50946623
2025-12-26 00:00:00 UTC,1.4378570116346212,1844687656.0837736,117235165.11703621
2025-12-27 00:00:00 UTC,1.5180707066707149,1945287417.0166557,172733684.07786167
2025-12-28 00:00:00 UTC,1.5896957486232919,2038575999.7484226,109093464.85310973
2025-12-29 00:00:00 UTC,1.5800300130922855,2027425620.1191149,104992539.44242737
2025-12-30 00:00:00 UTC,1.5217492278537277,1954572375.6580706,150527618.315535
2025-12-31 00:00:00 UTC,1.5135718987661078,1943838350.020456,104452057.97268614
2026-01-01 00:00:00 UTC,1.512406641909211,1941496074.3491316,108036527.58892198
2026-01-02 00:00:00 UTC,1.6267681373933676,2090787535.6267014,138277018.40482336
2026-01-03 00:00:00 UTC,1.688723407091941,2168426308.2074313,182577283.970485
2026-01-04 00:00:00 UTC,1.7118491178405446,2198903761.4740844,123382261.48634882
2026-01-05 00:00:00 UTC,1.7245504887448553,2214988420.634189,138949707.59959063
2026-01-06 00:00:00 UTC,1.781067105742204,2288817717.445925,269723496.30119675
2026-01-07 00:00:00 UTC,1.8084419771985207,2322628704.143717,278461175.4770898
2026-01-08 00:00:00 UTC,1.71707771500672,2204978951.9208097,181643902.9501549
2026-01-09 00:00:00 UTC,1.6878184131987737,2168485059.5939503,204656690.21096194
2026-01-10 00:00:00 UTC,1.7002571993367561,2185469552.576764,174936215.7188402
2026-01-11 00:00:00 UTC,1.68852374306246,2169848243.712167,77919758.10298392
2026-01-12 00:00:00 UTC,1.6982754717074078,2181791888.1233716,111373958.68996532
2026-01-13 00:00:00 UTC,1.6722555769910974,2149071304.907356,197654110.15874794
2026-01-14 00:00:00 UTC,1.8521312834436383,2378880861.6739297,335090550.53808707
2026-01-15 00:00:00 UTC,1.8028820314492067,2316832653.591864,244488032.08056003
2026-01-16 00:00:00 UTC,1.7215179610335498,2211904507.0066752,210379171.56544167
2026-01-17 00:00:00 UTC,1.7315791759564596,2222666486.11806,162569628.1103791
2026-01-18 00:00:00 UTC,1.7500560361353263,2249556741.0861187,151341124.21209615
2026-01-19 00:00:00 UTC,1.6407690612633739,2120290931.9666939,166518822.53545266
2026-01-20 00:00:00 UTC,1.597649973062352,2054172641.4507186,316483738.3095129
2026-01-21 00:00:00 UTC,1.5038035586296161,1933335240.4215603,192318047.44515663
2026-01-22 00:00:00 UTC,1.5279117115933574,1964602589.6755755,200231648.82789764
2026-01-23 00:00:00 UTC,1.5094245834758788,1940843076.092434,114156741.97045954
2026-01-24 00:00:00 UTC,1.5068292203538904,1937621678.8952577,107091493.9806627
2026-01-25 00:00:00 UTC,1.5039149663982385,1933725718.8308854,60652882.23288925
2026-01-26 00:00:00 UTC,1.4332784908589438,1843247807.2042987,127080164.94558406
2026-01-27 00:00:00 UTC,1.4649288340749336,1886151089.5610259,107999147.9695605
2026-01-28 00:00:00 UTC,1.4897631606716901,1916634354.810109,107165426.61061057
2026-01-29 00:00:00 UTC,1.4877885225280008,1914784140.6737788,124370255.93530792
2026-01-30 00:00:00 UTC,1.3725155249364571,1765568478.3351557,170872050.51649126
2026-01-31 00:00:00 UTC,1.3170908664236378,1694420140.5598521,229679569.49950293
2026-02-01 00:00:00 UTC,1.203464625161055,1548378535.06696,263883699.8535314
2026-02-02 00:00:00 UTC,1.1739618420288895,1512326835.0740643,183464580.1704551
2026-02-03 00:00:00 UTC,1.1987086676543308,1542585966.4768813,215877670.25630078
2026-02-04 00:00:00 UTC,1.1723128327046164,1508899187.8002346,195035131.39457172
2026-02-05 00:00:00 UTC,1.161549212118946,1495051770.7603648,168582858.33778653
2026-02-06 00:00:00 UTC,0.978632500640072,1262067178.0523853,375623478.5630338
2026-02-07 00:00:00 UTC,1.0870830158777378,1399158941.0743904,336996290.3663543
2026-02-08 00:00:00 UTC,1.0749210874340684,1383800558.443219,171312638.5304327
2026-02-09 00:00:00 UTC,1.0405118696870332,1338888891.615134,88673827.50664806
2026-02-10 00:00:00 UTC,1.0299277328096406,1326385434.1870637,119672210.66682208
2026-02-11 00:00:00 UTC,0.9917119521292853,1276769431.274836,131369456.7053127
2026-02-12 00:00:00 UTC,0.960520793921222,1236696130.2354996,169799502.55459696
2026-02-13 00:00:00 UTC,0.9619645678105706,1238344481.1676092,145698133.8160833
2026-02-14 00:00:00 UTC,1.022092179385249,1315937220.1475072,132628297.46796812
2026-02-15 00:00:00 UTC,1.0847016779354015,1397391531.1857147,144231812.806807
2026-02-16 00:00:00 UTC,1.0551168059160534,1358424253.1681888,152857450.60287285
2026-02-17 00:00:00 UTC,1.0577361534982244,1361800424.3047974,151765927.97493422
2026-02-18 00:00:00 UTC,1.0439640962668697,1344439692.8819163,134331103.68344447
2026-02-19 00:00:00 UTC,1.0119897737870849,1301425847.338969,116602307.53243867
2026-02-20 00:00:00 UTC,1.0057010144819059,1295637730.722684,112537442.6057893
2026-02-21 00:00:00 UTC,1.0515421182126192,1351699467.882166,139022978.2376421
2026-02-22 00:00:00 UTC,1.0593201553294107,1364888091.0275972,121118692.3910541
2026-02-23 00:00:00 UTC,1.0176183720469572,1310667057.6621475,77886278.4981041
2026-02-24 00:00:00 UTC,0.9787556681818605,1261272040.1441307,117501108.34379196
2026-02-25 00:00:00 UTC,0.9677355469396403,1247972315.1531773,88832115.22340883
2026-02-26 00:00:00 UTC,1.1703972095740003,1507521528.0763993,297580643.2161511
2026-02-27 00:00:00 UTC,1.1276107166144957,1453967608.9729097,210405683.41882733
2026-02-28 00:00:00 UTC,1.0934270855574928,1408963531.909339,197865699.97868916
2026-03-01 00:00:00 UTC,1.1654853005878476,1500885176.904809,265925315.56191012
2026-03-02 00:00:00 UTC,1.14779790010679,1477329182.029426,245985707.33608213
2026-03-03 00:00:00 UTC,1.3635662841995018,1751838127.6924877,667486936.6237748
2026-03-04 00:00:00 UTC,1.3573199554573516,1749384832.96985,582555112.011341
2026-03-05 00:00:00 UTC,1.3121808672721926,1691962540.268053,390804238.8868104
2026-03-06 00:00:00 UTC,1.2777423733853357,1647716101.4411664,240974038.2734924
2026-03-07 00:00:00 UTC,1.2262099893834075,1581284819.6341994,180256995.63644814
2026-03-08 00:00:00 UTC,1.2146155994683265,1566396619.8258414,87862361.08816528
2026-03-09 00:00:00 UTC,1.2110253632929404,1562367395.6321802,164785071.12009886
2026-03-10 00:00:00 UTC,1.2316315546073215,1588202529.7140603,213951952.63224304
2026-03-11 00:00:00 UTC,1.2834279485983886,1655429195.4442208,226346462.84262648
2026-03-12 00:00:00 UTC,1.2974223620593621,1673603343.2555327,181545311.756709
2026-03-13 00:00:00 UTC,1.3670482485147692,1762364644.3249288,249490235.85606644
2026-03-14 00:00:00 UTC,1.3386943284410913,1725468679.4551528,320439256.5919081
2026-03-15 00:00:00 UTC,1.3249638630939953,1708220612.7976284,103505913.2177973
2026-03-16 00:00:00 UTC,1.3458987156874154,1735531808.6744573,164972971.09141743
2026-03-17 00:00:00 UTC,1.4917359659660396,1926998520.3373284,314108298.5498355
2026-03-18 00:00:00 UTC,1.4542450641174265,1876594410.6436887,209082545.03230456
2026-03-19 00:00:00 UTC,1.3841285039252327,1786225976.7077208,238515749.36013046
2026-03-20 00:00:00 UTC,1.3341347311596634,1718349529.1850572,175895667.6942461
2026-03-21 00:00:00 UTC,1.3162742627007438,1699773924.2830656,165269460.65878913
2026-03-22 00:00:00 UTC,1.294431580076586,1673095329.8564215,76026819.23658359
2026-03-23 00:00:00 UTC,1.2753185590604854,1646688127.2338223,125583329.98032595
2026-03-24 00:00:00 UTC,1.312205369111608,1694234675.1596432,209621370.00905517
2026-03-25 00:00:00 UTC,1.2912713201918153,1666783320.2314615,153232434.84548444
2026-03-26 00:00:00 UTC,1.2772840402536025,1648667197.9738836,180452754.83983728
2026-03-27 00:00:00 UTC,1.2220927189456956,1577649568.9152715,168461942.51118994
2026-03-28 00:00:00 UTC,1.1775709394729585,1520712195.1345384,286629134.5164917
2026-03-29 00:00:00 UTC,1.168527393028179,1508991436.7340689,228757502.61039546
2026-03-30 00:00:00 UTC,1.1607122148270559,1499031143.7814627,229385869.93628407
2026-03-31 00:00:00 UTC,1.16053596063847,1498800679.668249,149926037.85976672
2026-04-01 00:00:00 UTC,1.1853211746533578,1529850840.4493778,189009276.54441556
2026-04-02 00:00:00 UTC,1.190201653908015,1536633905.5577812,172182270.9876214
2026-04-03 00:00:00 UTC,1.1603774705478405,1498902356.5845096,180505720.24514997
2026-04-04 00:00:00 UTC,1.209035905019816,1562240042.1541076,166097624.59210533
2026-04-05 00:00:00 UTC,1.2561069809686864,1622605729.7955813,158878818.20304167
2026-04-06 00:00:00 UTC,1.2468241567771385,1610136001.1058867,129533455.35401072
2026-04-07 00:00:00 UTC,1.2495319490858694,1615095634.0937731,132819171.36667788
2026-04-08 00:00:00 UTC,1.3169563587724877,1705156772.477715,199242932.1603393
2026-04-09 00:00:00 UTC,1.3313159503255054,1721871091.824096,295708812.6122289
2026-04-10 00:00:00 UTC,1.3643988293621403,1766266530.7673414,252362589.97019812
2026-04-11 00:00:00 UTC,1.3613359958599027,1758993830.2135952,198765593.5668222
2026-04-12 00:00:00 UTC,1.4025074046614265,1813974876.4144182,166878212.45409828
2026-04-13 00:00:00 UTC,1.3455346171348699,1739413537.9290836,164571142.3358042
2026-04-14 00:00:00 UTC,1.415145995735076,1829529046.112971,249398222.29275793
2026-04-15 00:00:00 UTC,1.3578100790179972,1755502292.101071,232778422.6139147
2026-04-16 00:00:00 UTC,1.4074649677475617,1819267484.9432747,191097137.58485854
2026-04-17 00:00:00 UTC,1.4330460315972244,1851804448.4979537,241832503.2818398
2026-04-18 00:00:00 UTC,1.4086182053190346,1821564965.831463,251064713.3023285
2026-04-19 00:00:00 UTC,1.3448613902157112,1739222945.6245987,205245701.6200885
2026-04-20 00:00:00 UTC,1.328131284627894,1718852681.6877239,215498755.5774803
2026-04-21 00:00:00 UTC,1.3619815794703698,1761491594.2344644,184033044.57180873
2026-04-22 00:00:00 UTC,1.3848539143022933,1791364965.6336951,157795747.97380748
2026-04-23 00:00:00 UTC,1.4024003704790156,1814369345.0675857,149797735.50659138
2026-04-24 00:00:00 UTC,1.406214645379568,1819164820.7682488,147754555.61690068
2026-04-25 00:00:00 UTC,1.4075143092923608,1820909467.481897,128108413.26966806
2026-04-26 00:00:00 UTC,1.4018304705265894,1813596657.056962,90268519.93676536
2026-04-27 00:00:00 UTC,1.3958293958172232,1807946589.6935937,109253500.2714572
2026-04-28 00:00:00 UTC,1.3618946386385837,1762814645.0217032,129825576.78109998
2026-04-29 00:00:00 UTC,1.34676143728733,1743072200.6754944,125292323.40643506
2026-04-30 00:00:00 UTC,1.3254770715879234,1715031634.6863832,120888259.25902244
2026-05-01 00:00:00 UTC,1.2966734839270633,1677767976.8061304,88611079.33551887
2026-05-02 00:00:00 UTC,1.2871180050114663,1665683844.0618644,101689904.6596907
2026-05-03 00:00:00 UTC,1.2967819527608209,1679587348.3960724,73098873.38674508
2026-05-04 00:00:00 UTC,1.275319139903571,1650785748.9340112,90540714.53691983
2026-05-05 00:00:00 UTC,1.261622213343918,1633303833.048328,174757619.55522436
2026-05-06 00:00:00 UTC,1.2956969984824385,1677408832.1648598,152929215.0932182
2026-05-07 00:00:00 UTC,1.4923856077977369,1933607743.5654104,413004861.7114253
2026-05-08 00:00:00 UTC,1.4686165496485604,1901684037.2370923,253467281.04155403
2026-05-09 00:00:00 UTC,1.5912104571472998,2060604097.8685997,322425748.1528291
2026-05-10 00:00:00 UTC,1.5645870412875167,2026650039.4119225,179424558.68318823
2026-05-11 00:00:00 UTC,1.5707859198341254,2034523648.5579212,187938606.64347792
2026-05-12 00:00:00 UTC,1.5485005688775866,2006083446.5532384,191979435.82013348
2026-05-13 00:00:00 UTC,1.6021911326483984,2074789446.6976883,334688160.2428854
2026-05-14 00:00:00 UTC,1.578498365407135,2044647995.4227877,374007245.6159744
2026-05-15 00:00:00 UTC,1.571011624191653,2039198870.5825121,241137410.94023076
2026-05-16 00:00:00 UTC,1.5422198204354325,1997304771.8621087,212363350.39888027
2026-05-17 00:00:00 UTC,1.49760360259211,1941105881.1235802,183898416.38341355
2026-05-18 00:00:00 UTC,1.4984777925597987,1936916739.022438,172387966.72182828
2026-05-19 00:00:00 UTC,1.6198633913947462,2098970404.702032,268655858.61076194
2026-05-20 00:00:00 UTC,1.5990744280015425,2075530944.8407924,271720659.26820153
2026-05-21 00:00:00 UTC,1.6942876069925548,2195483714.619508,307889067.14452255
2026-05-22 00:00:00 UTC,1.9259487415691299,2498008604.1078978,551121881.5500704
2026-05-23 00:00:00 UTC,2.0970541832138667,2716089766.0810943,1230913146.1046307
2026-05-24 00:00:00 UTC,2.4588790287564937,3189011738.4776626,1133638871.9010062
